Workbook

Sheet DOH
B2: DOH Total – Visão João Pessoa x Araucária
B5: 1. DOH Total por CD
B6: CD | C6: Estoque | D6: Demanda | E6: DOH
B7: Araucária | C7: =SUMIFS(Base!$P$3:$P$980,Base!$J$3:$J$980,"Ara") -> 41627.845 | D7: =SUMIFS(Base!$L$3:$L$980,Base!$J$3:$J$980,"Ara") -> 3289.4847 | E7: =IFERROR(C7/D7,0) -> 12.654823
B8: João Pessoa | C8: =SUMIFS(Base!$P$3:$P$980,Base!$J$3:$J$980,"Jpe") -> 19446.247 | D8: =SUMIFS(Base!$L$3:$L$980,Base!$J$3:$J$980,"Jpe") -> 1749.4654 | E8: =IFERROR(C8/D8,0) -> 11.115537
B9: Total Geral | C9: =SUM(C7:C8) -> 61074.092 | D9: =SUM(D7:D8) -> 5038.9501 | E9: =IFERROR(C9/D9,0) -> 12.1204
B11: 2. DOH Total por Categoria
C13: DOH (limitado à PE)
B14: Categoria | C14: Ara | D14: Jpe | E14: Total
B15: =IFERROR(INDEX(Base!$G$3:$G$980,MATCH(SMALL(Base!$R$3:$R$980,1),Base!$R$3:$R$980,0)),"") -> PÃES | C15: =IF($B15="","",IFERROR(SUMIFS(Base!$P$3:$P$980,Base!$G$3:$G$980,$B15,Base!$J$3:$J$980,"Ara")/SUMIFS(Base!$L$3:$L$980,Base!$G$3:$G$980,$B15,Base!$J$3:$J$980,"Ara"),"")) -> 7.8057792 | D15: =IF($B15="","",IFERROR(SUMIFS(Base!$P$3:$P$980,Base!$G$3:$G$980,$B15,Base!$J$3:$J$980,"Jpe")/SUMIFS(Base!$L$3:$L$980,Base!$G$3:$G$980,$B15,Base!$J$3:$J$980,"Jpe"),"")) -> 4.9281657 | E15: =IF($B15="","",IFERROR(SUMIFS(Base!$P$3:$P$980,Base!$G$3:$G$980,$B15)/SUMIFS(Base!$L$3:$L$980,Base!$G$3:$G$980,$B15),"")) -> 6.7995767
B16: =IFERROR(INDEX(Base!$G$3:$G$980,MATCH(SMALL(Base!$R$3:$R$980,2),Base!$R$3:$R$980,0)),"") -> PROTEINAS | C16: =IF($B16="","",IFERROR(SUMIFS(Base!$P$3:$P$980,Base!$G$3:$G$980,$B16,Base!$J$3:$J$980,"Ara")/SUMIFS(Base!$L$3:$L$980,Base!$G$3:$G$980,$B16,Base!$J$3:$J$980,"Ara"),"")) -> 9.9739293 | D16: =IF($B16="","",IFERROR(SUMIFS(Base!$P$3:$P$980,Base!$G$3:$G$980,$B16,Base!$J$3:$J$980,"Jpe")/SUMIFS(Base!$L$3:$L$980,Base!$G$3:$G$980,$B16,Base!$J$3:$J$980,"Jpe"),"")) -> 9.6034716 | E16: =IF($B16="","",IFERROR(SUMIFS(Base!$P$3:$P$980,Base!$G$3:$G$980,$B16)/SUMIFS(Base!$L$3:$L$980,Base!$G$3:$G$980,$B16),"")) -> 9.8520174
B17: =IFERROR(INDEX(Base!$G$3:$G$980,MATCH(SMALL(Base!$R$3:$R$980,3),Base!$R$3:$R$980,0)),"") -> LÁCTEOS | C17: =IF($B17="","",IFERROR(SUMIFS(Base!$P$3:$P$980,Base!$G$3:$G$980,$B17,Base!$J$3:$J$980,"Ara")/SUMIFS(Base!$L$3:$L$980,Base!$G$3:$G$980,$B17,Base!$J$3:$J$980,"Ara"),"")) -> 9.6950832 | D17: =IF($B17="","",IFERROR(SUMIFS(Base!$P$3:$P$980,Base!$G$3:$G$980,$B17,Base!$J$3:$J$980,"Jpe")/SUMIFS(Base!$L$3:$L$980,Base!$G$3:$G$980,$B17,Base!$J$3:$J$980,"Jpe"),"")) -> 12.350611 | E17: =IF($B17="","",IFERROR(SUMIFS(Base!$P$3:$P$980,Base!$G$3:$G$980,$B17)/SUMIFS(Base!$L$3:$L$980,Base!$G$3:$G$980,$B17),"")) -> 10.341619
B18: =IFERROR(INDEX(Base!$G$3:$G$980,MATCH(SMALL(Base!$R$3:$R$980,4),Base!$R$3:$R$980,0)),"") -> SOBREMESAS | C18: =IF($B18="","",IFERROR(SUMIFS(Base!$P$3:$P$980,Base!$G$3:$G$980,$B18,Base!$J$3:$J$980,"Ara")/SUMIFS(Base!$L$3:$L$980,Base!$G$3:$G$980,$B18,Base!$J$3:$J$980,"Ara"),"")) -> 11.291437 | D18: =IF($B18="","",IFERROR(SUMIFS(Base!$P$3:$P$980,Base!$G$3:$G$980,$B18,Base!$J$3:$J$980,"Jpe")/SUMIFS(Base!$L$3:$L$980,Base!$G$3:$G$980,$B18,Base!$J$3:$J$980,"Jpe"),"")) -> 13.765229 | E18: =IF($B18="","",IFERROR(SUMIFS(Base!$P$3:$P$980,Base!$G$3:$G$980,$B18)/SUMIFS(Base!$L$3:$L$980,Base!$G$3:$G$980,$B18),"")) -> 12.513607
B19: =IFERROR(INDEX(Base!$G$3:$G$980,MATCH(SMALL(Base!$R$3:$R$980,5),Base!$R$3:$R$980,0)),"") -> EMBALAGENS | C19: =IF($B19="","",IFERROR(SUMIFS(Base!$P$3:$P$980,Base!$G$3:$G$980,$B19,Base!$J$3:$J$980,"Ara")/SUMIFS(Base!$L$3:$L$980,Base!$G$3:$G$980,$B19,Base!$J$3:$J$980,"Ara"),"")) -> 16.249838 | D19: =IF($B19="","",IFERROR(SUMIFS(Base!$P$3:$P$980,Base!$G$3:$G$980,$B19,Base!$J$3:$J$980,"Jpe")/SUMIFS(Base!$L$3:$L$980,Base!$G$3:$G$980,$B19,Base!$J$3:$J$980,"Jpe"),"")) -> 11.968507 | E19: =IF($B19="","",IFERROR(SUMIFS(Base!$P$3:$P$980,Base!$G$3:$G$980,$B19)/SUMIFS(Base!$L$3:$L$980,Base!$G$3:$G$980,$B19),"")) -> 14.458771
B20: =IFERROR(INDEX(Base!$G$3:$G$980,MATCH(SMALL(Base!$R$3:$R$980,6),Base!$R$3:$R$980,0)),"") -> HORTIFRUTI | C20: =IF($B20="","",IFERROR(SUMIFS(Base!$P$3:$P$980,Base!$G$3:$G$980,$B20,Base!$J$3:$J$980,"Ara")/SUMIFS(Base!$L$3:$L$980,Base!$G$3:$G$980,$B20,Base!$J$3:$J$980,"Ara"),"")) -> 13.729384 | D20: =IF($B20="","",IFERROR(SUMIFS(Base!$P$3:$P$980,Base!$G$3:$G$980,$B20,Base!$J$3:$J$980,"Jpe")/SUMIFS(Base!$L$3:$L$980,Base!$G$3:$G$980,$B20,Base!$J$3:$J$980,"Jpe"),"")) -> 16.630169 | E20: =IF($B20="","",IFERROR(SUMIFS(Base!$P$3:$P$980,Base!$G$3:$G$980,$B20)/SUMIFS(Base!$L$3:$L$980,Base!$G$3:$G$980,$B20),"")) -> 14.610594
B21: =IFERROR(INDEX(Base!$G$3:$G$980,MATCH(SMALL(Base!$R$3:$R$980,7),Base!$R$3:$R$980,0)),"") -> CONDIMENTOS | C21: =IF($B21="","",IFERROR(SUMIFS(Base!$P$3:$P$980,Base!$G$3:$G$980,$B21,Base!$J$3:$J$980,"Ara")/SUMIFS(Base!$L$3:$L$980,Base!$G$3:$G$980,$B21,Base!$J$3:$J$980,"Ara"),"")) -> 17.780974 | D21: =IF($B21="","",IFERROR(SUMIFS(Base!$P$3:$P$980,Base!$G$3:$G$980,$B21,Base!$J$3:$J$980,"Jpe")/SUMIFS(Base!$L$3:$L$980,Base!$G$3:$G$980,$B21,Base!$J$3:$J$980,"Jpe"),"")) -> 13.033671 | E21: =IF($B21="","",IFERROR(SUMIFS(Base!$P$3:$P$980,Base!$G$3:$G$980,$B21)/SUMIFS(Base!$L$3:$L$980,Base!$G$3:$G$980,$B21),"")) -> 16.130461
B22: =IFERROR(INDEX(Base!$G$3:$G$980,MATCH(SMALL(Base!$R$3:$R$980,8),Base!$R$3:$R$980,0)),"") -> MOLHOS | C22: =IF($B22="","",IFERROR(SUMIFS(Base!$P$3:$P$980,Base!$G$3:$G$980,$B22,Base!$J$3:$J$980,"Ara")/SUMIFS(Base!$L$3:$L$980,Base!$G$3:$G$980,$B22,Base!$J$3:$J$980,"Ara"),"")) -> 19.063392 | D22: =IF($B22="","",IFERROR(SUMIFS(Base!$P$3:$P$980,Base!$G$3:$G$980,$B22,Base!$J$3:$J$980,"Jpe")/SUMIFS(Base!$L$3:$L$980,Base!$G$3:$G$980,$B22,Base!$J$3:$J$980,"Jpe"),"")) -> 13.415925 | E22: =IF($B22="","",IFERROR(SUMIFS(Base!$P$3:$P$980,Base!$G$3:$G$980,$B22)/SUMIFS(Base!$L$3:$L$980,Base!$G$3:$G$980,$B22),"")) -> 17.046129
B23: =IFERROR(INDEX(Base!$G$3:$G$980,MATCH(SMALL(Base!$R$3:$R$980,9),Base!$R$3:$R$980,0)),"") -> BEBIDAS | C23: =IF($B23="","",IFERROR(SUMIFS(Base!$P$3:$P$980,Base!$G$3:$G$980,$B23,Base!$J$3:$J$980,"Ara")/SUMIFS(Base!$L$3:$L$980,Base!$G$3:$G$980,$B23,Base!$J$3:$J$980,"Ara"),"")) -> 19.542407 | D23: =IF($B23="","",IFERROR(SUMIFS(Base!$P$3:$P$980,Base!$G$3:$G$980,$B23,Base!$J$3:$J$980,"Jpe")/SUMIFS(Base!$L$3:$L$980,Base!$G$3:$G$980,$B23,Base!$J$3:$J$980,"Jpe"),"")) -> 17.2076 | E23: =IF($B23="","",IFERROR(SUMIFS(Base!$P$3:$P$980,Base!$G$3:$G$980,$B23)/SUMIFS(Base!$L$3:$L$980,Base!$G$3:$G$980,$B23),"")) -> 18.783915
B24: Total Geral | C24: =IFERROR(SUMIFS(Base!$P$3:$P$980,Base!$J$3:$J$980,"Ara")/SUMIFS(Base!$L$3:$L$980,Base!$J$3:$J$980,"Ara"),"") -> 12.654823 | D24: =IFERROR(SUMIFS(Base!$P$3:$P$980,Base!$J$3:$J$980,"Jpe")/SUMIFS(Base!$L$3:$L$980,Base!$J$3:$J$980,"Jpe"),"") -> 11.115537 | E24: =IFERROR(SUM(Base!$P$3:$P$980)/SUM(Base!$L$3:$L$980),"") -> 12.1204
B27: 3. DOH Total por Fornecedor (ordena sozinho: mais crítico primeiro)
C28: DOH (limitado à PE)
B29: Fornecedor | C29: Ara | D29: Jpe | E29: Total
B30: =IFERROR(INDEX(Base!$I$3:$I$980,MATCH(SMALL(Base!$Q$3:$Q$980,1),Base!$Q$3:$Q$980,0)),"") -> AB BRASIL | C30: =IF($B30="","",IFERROR(SUMIFS(Base!$P$3:$P$980,Base!$I$3:$I$980,$B30,Base!$J$3:$J$980,"Ara")/SUMIFS(Base!$L$3:$L$980,Base!$I$3:$I$980,$B30,Base!$J$3:$J$980,"Ara"),"")) -> 0 | D30: =IF($B30="","",IFERROR(SUMIFS(Base!$P$3:$P$980,Base!$I$3:$I$980,$B30,Base!$J$3:$J$980,"Jpe")/SUMIFS(Base!$L$3:$L$980,Base!$I$3:$I$980,$B30,Base!$J$3:$J$980,"Jpe"),"")) -> -0.48722277 | E30: =IF($B30="","",IFERROR(SUMIFS(Base!$P$3:$P$980,Base!$I$3:$I$980,$B30)/SUMIFS(Base!$L$3:$L$980,Base!$I$3:$I$980,$B30),"")) -> -0.2290841
B31: =IFERROR(INDEX(Base!$I$3:$I$980,MATCH(SMALL(Base!$Q$3:$Q$980,2),Base!$Q$3:$Q$980,0)),"") -> CELLIER | C31: =IF($B31="","",IFERROR(SUMIFS(Base!$P$3:$P$980,Base!$I$3:$I$980,$B31,Base!$J$3:$J$980,"Ara")/SUMIFS(Base!$L$3:$L$980,Base!$I$3:$I$980,$B31,Base!$J$3:$J$980,"Ara"),"")) -> 0.94362611 | D31: =IF($B31="","",IFERROR(SUMIFS(Base!$P$3:$P$980,Base!$I$3:$I$980,$B31,Base!$J$3:$J$980,"Jpe")/SUMIFS(Base!$L$3:$L$980,Base!$I$3:$I$980,$B31,Base!$J$3:$J$980,"Jpe"),"")) -> 10.623585 | E31: =IF($B31="","",IFERROR(SUMIFS(Base!$P$3:$P$980,Base!$I$3:$I$980,$B31)/SUMIFS(Base!$L$3:$L$980,Base!$I$3:$I$980,$B31),"")) -> 5.8698303
B32: =IFERROR(INDEX(Base!$I$3:$I$980,MATCH(SMALL(Base!$Q$3:$Q$980,3),Base!$Q$3:$Q$980,0)),"") -> BIMBO | C32: =IF($B32="","",IFERROR(SUMIFS(Base!$P$3:$P$980,Base!$I$3:$I$980,$B32,Base!$J$3:$J$980,"Ara")/SUMIFS(Base!$L$3:$L$980,Base!$I$3:$I$980,$B32,Base!$J$3:$J$980,"Ara"),"")) -> 7.8057792 | D32: =IF($B32="","",IFERROR(SUMIFS(Base!$P$3:$P$980,Base!$I$3:$I$980,$B32,Base!$J$3:$J$980,"Jpe")/SUMIFS(Base!$L$3:$L$980,Base!$I$3:$I$980,$B32,Base!$J$3:$J$980,"Jpe"),"")) -> 4.9281657 | E32: =IF($B32="","",IFERROR(SUMIFS(Base!$P$3:$P$980,Base!$I$3:$I$980,$B32)/SUMIFS(Base!$L$3:$L$980,Base!$I$3:$I$980,$B32),"")) -> 6.7995767
B33: =IFERROR(INDEX(Base!$I$3:$I$980,MATCH(SMALL(Base!$Q$3:$Q$980,4),Base!$Q$3:$Q$980,0)),"") -> CARINO | C33: =IF($B33="","",IFERROR(SUMIFS(Base!$P$3:$P$980,Base!$I$3:$I$980,$B33,Base!$J$3:$J$980,"Ara")/SUMIFS(Base!$L$3:$L$980,Base!$I$3:$I$980,$B33,Base!$J$3:$J$980,"Ara"),"")) -> 1.1780091 | D33: =IF($B33="","",IFERROR(SUMIFS(Base!$P$3:$P$980,Base!$I$3:$I$980,$B33,Base!$J$3:$J$980,"Jpe")/SUMIFS(Base!$L$3:$L$980,Base!$I$3:$I$980,$B33,Base!$J$3:$J$980,"Jpe"),"")) -> 13.53477 | E33: =IF($B33="","",IFERROR(SUMIFS(Base!$P$3:$P$980,Base!$I$3:$I$980,$B33)/SUMIFS(Base!$L$3:$L$980,Base!$I$3:$I$980,$B33),"")) -> 6.8550017
B34: =IFERROR(INDEX(Base!$I$3:$I$980,MATCH(SMALL(Base!$Q$3:$Q$980,5),Base!$Q$3:$Q$980,0)),"") -> JBS | C34: =IF($B34="","",IFERROR(SUMIFS(Base!$P$3:$P$980,Base!$I$3:$I$980,$B34,Base!$J$3:$J$980,"Ara")/SUMIFS(Base!$L$3:$L$980,Base!$I$3:$I$980,$B34,Base!$J$3:$J$980,"Ara"),"")) -> 7 | D34: =IF($B34="","",IFERROR(SUMIFS(Base!$P$3:$P$980,Base!$I$3:$I$980,$B34,Base!$J$3:$J$980,"Jpe")/SUMIFS(Base!$L$3:$L$980,Base!$I$3:$I$980,$B34,Base!$J$3:$J$980,"Jpe"),"")) -> 7 | E34: =IF($B34="","",IFERROR(SUMIFS(Base!$P$3:$P$980,Base!$I$3:$I$980,$B34)/SUMIFS(Base!$L$3:$L$980,Base!$I$3:$I$980,$B34),"")) -> 7
B35: =IFERROR(INDEX(Base!$I$3:$I$980,MATCH(SMALL(Base!$Q$3:$Q$980,6),Base!$Q$3:$Q$980,0)),"") -> DOHLER 01 | C35: =IF($B35="","",IFERROR(SUMIFS(Base!$P$3:$P$980,Base!$I$3:$I$980,$B35,Base!$J$3:$J$980,"Ara")/SUMIFS(Base!$L$3:$L$980,Base!$I$3:$I$980,$B35,Base!$J$3:$J$980,"Ara"),"")) -> 10.755817 | D35: =IF($B35="","",IFERROR(SUMIFS(Base!$P$3:$P$980,Base!$I$3:$I$980,$B35,Base!$J$3:$J$980,"Jpe")/SUMIFS(Base!$L$3:$L$980,Base!$I$3:$I$980,$B35,Base!$J$3:$J$980,"Jpe"),"")) -> 3.6108932 | E35: =IF($B35="","",IFERROR(SUMIFS(Base!$P$3:$P$980,Base!$I$3:$I$980,$B35)/SUMIFS(Base!$L$3:$L$980,Base!$I$3:$I$980,$B35),"")) -> 7.2381009
B36: =IFERROR(INDEX(Base!$I$3:$I$980,MATCH(SMALL(Base!$Q$3:$Q$980,7),Base!$Q$3:$Q$980,0)),"") -> POLENGHI2 | C36: =IF($B36="","",IFERROR(SUMIFS(Base!$P$3:$P$980,Base!$I$3:$I$980,$B36,Base!$J$3:$J$980,"Ara")/SUMIFS(Base!$L$3:$L$980,Base!$I$3:$I$980,$B36,Base!$J$3:$J$980,"Ara"),"")) -> 7.0835447 | D36: =IF($B36="","",IFERROR(SUMIFS(Base!$P$3:$P$980,Base!$I$3:$I$980,$B36,Base!$J$3:$J$980,"Jpe")/SUMIFS(Base!$L$3:$L$980,Base!$I$3:$I$980,$B36,Base!$J$3:$J$980,"Jpe"),"")) -> 13.360213 | E36: =IF($B36="","",IFERROR(SUMIFS(Base!$P$3:$P$980,Base!$I$3:$I$980,$B36)/SUMIFS(Base!$L$3:$L$980,Base!$I$3:$I$980,$B36),"")) -> 7.9816331
B37: =IFERROR(INDEX(Base!$I$3:$I$980,MATCH(SMALL(Base!$Q$3:$Q$980,8),Base!$Q$3:$Q$980,0)),"") -> POLENGHI | C37: =IF($B37="","",IFERROR(SUMIFS(Base!$P$3:$P$980,Base!$I$3:$I$980,$B37,Base!$J$3:$J$980,"Ara")/SUMIFS(Base!$L$3:$L$980,Base!$I$3:$I$980,$B37,Base!$J$3:$J$980,"Ara"),"")) -> 10.976975 | D37: =IF($B37="","",IFERROR(SUMIFS(Base!$P$3:$P$980,Base!$I$3:$I$980,$B37,Base!$J$3:$J$980,"Jpe")/SUMIFS(Base!$L$3:$L$980,Base!$I$3:$I$980,$B37,Base!$J$3:$J$980,"Jpe"),"")) -> 11.53701 | E37: =IF($B37="","",IFERROR(SUMIFS(Base!$P$3:$P$980,Base!$I$3:$I$980,$B37)/SUMIFS(Base!$L$3:$L$980,Base!$I$3:$I$980,$B37),"")) -> 11.209469
B38: =IFERROR(INDEX(Base!$I$3:$I$980,MATCH(SMALL(Base!$Q$3:$Q$980,9),Base!$Q$3:$Q$980,0)),"") -> LACTALIS1 | C38: =IF($B38="","",IFERROR(SUMIFS(Base!$P$3:$P$980,Base!$I$3:$I$980,$B38,Base!$J$3:$J$980,"Ara")/SUMIFS(Base!$L$3:$L$980,Base!$I$3:$I$980,$B38,Base!$J$3:$J$980,"Ara"),"")) -> 7.803627 | D38: =IF($B38="","",IFERROR(SUMIFS(Base!$P$3:$P$980,Base!$I$3:$I$980,$B38,Base!$J$3:$J$980,"Jpe")/SUMIFS(Base!$L$3:$L$980,Base!$I$3:$I$980,$B38,Base!$J$3:$J$980,"Jpe"),"")) -> 16.000371 | E38: =IF($B38="","",IFERROR(SUMIFS(Base!$P$3:$P$980,Base!$I$3:$I$980,$B38)/SUMIFS(Base!$L$3:$L$980,Base!$I$3:$I$980,$B38),"")) -> 11.905784
B39: =IFERROR(INDEX(Base!$I$3:$I$980,MATCH(SMALL(Base!$Q$3:$Q$980,10),Base!$Q$3:$Q$980,0)),"") -> INNOVAPACK | C39: =IF($B39="","",IFERROR(SUMIFS(Base!$P$3:$P$980,Base!$I$3:$I$980,$B39,Base!$J$3:$J$980,"Ara")/SUMIFS(Base!$L$3:$L$980,Base!$I$3:$I$980,$B39,Base!$J$3:$J$980,"Ara"),"")) -> 12.080257 | D39: =IF($B39="","",IFERROR(SUMIFS(Base!$P$3:$P$980,Base!$I$3:$I$980,$B39,Base!$J$3:$J$980,"Jpe")/SUMIFS(Base!$L$3:$L$980,Base!$I$3:$I$980,$B39,Base!$J$3:$J$980,"Jpe"),"")) -> 11.710674 | E39: =IF($B39="","",IFERROR(SUMIFS(Base!$P$3:$P$980,Base!$I$3:$I$980,$B39)/SUMIFS(Base!$L$3:$L$980,Base!$I$3:$I$980,$B39),"")) -> 11.936296
B40: =IFERROR(INDEX(Base!$I$3:$I$980,MATCH(SMALL(Base!$Q$3:$Q$980,11),Base!$Q$3:$Q$980,0)),"") -> BO PACK | C40: =IF($B40="","",IFERROR(SUMIFS(Base!$P$3:$P$980,Base!$I$3:$I$980,$B40,Base!$J$3:$J$980,"Ara")/SUMIFS(Base!$L$3:$L$980,Base!$I$3:$I$980,$B40,Base!$J$3:$J$980,"Ara"),"")) -> 16.083917 | D40: =IF($B40="","",IFERROR(SUMIFS(Base!$P$3:$P$980,Base!$I$3:$I$980,$B40,Base!$J$3:$J$980,"Jpe")/SUMIFS(Base!$L$3:$L$980,Base!$I$3:$I$980,$B40,Base!$J$3:$J$980,"Jpe"),"")) -> 9.1062614 | E40: =IF($B40="","",IFERROR(SUMIFS(Base!$P$3:$P$980,Base!$I$3:$I$980,$B40)/SUMIFS(Base!$L$3:$L$980,Base!$I$3:$I$980,$B40),"")) -> 12.515114
B41: =IFERROR(INDEX(Base!$I$3:$I$980,MATCH(SMALL(Base!$Q$3:$Q$980,12),Base!$Q$3:$Q$980,0)),"") -> ALIBEY | C41: =IF($B41="","",IFERROR(SUMIFS(Base!$P$3:$P$980,Base!$I$3:$I$980,$B41,Base!$J$3:$J$980,"Ara")/SUMIFS(Base!$L$3:$L$980,Base!$I$3:$I$980,$B41,Base!$J$3:$J$980,"Ara"),"")) -> 15.918132 | D41: =IF($B41="","",IFERROR(SUMIFS(Base!$P$3:$P$980,Base!$I$3:$I$980,$B41,Base!$J$3:$J$980,"Jpe")/SUMIFS(Base!$L$3:$L$980,Base!$I$3:$I$980,$B41,Base!$J$3:$J$980,"Jpe"),"")) -> 7.6015588 | E41: =IF($B41="","",IFERROR(SUMIFS(Base!$P$3:$P$980,Base!$I$3:$I$980,$B41)/SUMIFS(Base!$L$3:$L$980,Base!$I$3:$I$980,$B41),"")) -> 12.659692
B42: =IFERROR(INDEX(Base!$I$3:$I$980,MATCH(SMALL(Base!$Q$3:$Q$980,13),Base!$Q$3:$Q$980,0)),"") -> C. CLARO | C42: =IF($B42="","",IFERROR(SUMIFS(Base!$P$3:$P$980,Base!$I$3:$I$980,$B42,Base!$J$3:$J$980,"Ara")/SUMIFS(Base!$L$3:$L$980,Base!$I$3:$I$980,$B42,Base!$J$3:$J$980,"Ara"),"")) -> 14.897463 | D42: =IF($B42="","",IFERROR(SUMIFS(Base!$P$3:$P$980,Base!$I$3:$I$980,$B42,Base!$J$3:$J$980,"Jpe")/SUMIFS(Base!$L$3:$L$980,Base!$I$3:$I$980,$B42,Base!$J$3:$J$980,"Jpe"),"")) -> 10.199849 | E42: =IF($B42="","",IFERROR(SUMIFS(Base!$P$3:$P$980,Base!$I$3:$I$980,$B42)/SUMIFS(Base!$L$3:$L$980,Base!$I$3:$I$980,$B42),"")) -> 13.164519
B43: =IFERROR(INDEX(Base!$I$3:$I$980,MATCH(SMALL(Base!$Q$3:$Q$980,14),Base!$Q$3:$Q$980,0)),"") -> TRENIER | C43: =IF($B43="","",IFERROR(SUMIFS(Base!$P$3:$P$980,Base!$I$3:$I$980,$B43,Base!$J$3:$J$980,"Ara")/SUMIFS(Base!$L$3:$L$980,Base!$I$3:$I$980,$B43,Base!$J$3:$J$980,"Ara"),"")) -> 13.661615 | D43: =IF($B43="","",IFERROR(SUMIFS(Base!$P$3:$P$980,Base!$I$3:$I$980,$B43,Base!$J$3:$J$980,"Jpe")/SUMIFS(Base!$L$3:$L$980,Base!$I$3:$I$980,$B43,Base!$J$3:$J$980,"Jpe"),"")) -> 12.594968 | E43: =IF($B43="","",IFERROR(SUMIFS(Base!$P$3:$P$980,Base!$I$3:$I$980,$B43)/SUMIFS(Base!$L$3:$L$980,Base!$I$3:$I$980,$B43),"")) -> 13.368383
B44: =IFERROR(INDEX(Base!$I$3:$I$980,MATCH(SMALL(Base!$Q$3:$Q$980,15),Base!$Q$3:$Q$980,0)),"") -> FERRERO BR | C44: =IF($B44="","",IFERROR(SUMIFS(Base!$P$3:$P$980,Base!$I$3:$I$980,$B44,Base!$J$3:$J$980,"Ara")/SUMIFS(Base!$L$3:$L$980,Base!$I$3:$I$980,$B44,Base!$J$3:$J$980,"Ara"),"")) -> 11.673692 | D44: =IF($B44="","",IFERROR(SUMIFS(Base!$P$3:$P$980,Base!$I$3:$I$980,$B44,Base!$J$3:$J$980,"Jpe")/SUMIFS(Base!$L$3:$L$980,Base!$I$3:$I$980,$B44,Base!$J$3:$J$980,"Jpe"),"")) -> 16 | E44: =IF($B44="","",IFERROR(SUMIFS(Base!$P$3:$P$980,Base!$I$3:$I$980,$B44)/SUMIFS(Base!$L$3:$L$980,Base!$I$3:$I$980,$B44),"")) -> 13.473545
B45: =IFERROR(INDEX(Base!$I$3:$I$980,MATCH(SMALL(Base!$Q$3:$Q$980,16),Base!$Q$3:$Q$980,0)),"") -> POLENGHI I | C45: =IF($B45="","",IFERROR(SUMIFS(Base!$P$3:$P$980,Base!$I$3:$I$980,$B45,Base!$J$3:$J$980,"Ara")/SUMIFS(Base!$L$3:$L$980,Base!$I$3:$I$980,$B45,Base!$J$3:$J$980,"Ara"),"")) -> 14.314894 | D45: =IF($B45="","",IFERROR(SUMIFS(Base!$P$3:$P$980,Base!$I$3:$I$980,$B45,Base!$J$3:$J$980,"Jpe")/SUMIFS(Base!$L$3:$L$980,Base!$I$3:$I$980,$B45,Base!$J$3:$J$980,"Jpe"),"")) -> 12.015395 | E45: =IF($B45="","",IFERROR(SUMIFS(Base!$P$3:$P$980,Base!$I$3:$I$980,$B45)/SUMIFS(Base!$L$3:$L$980,Base!$I$3:$I$980,$B45),"")) -> 13.531243
B46: =IFERROR(INDEX(Base!$I$3:$I$980,MATCH(SMALL(Base!$Q$3:$Q$980,17),Base!$Q$3:$Q$980,0)),"") -> KERRY4 | C46: =IF($B46="","",IFERROR(SUMIFS(Base!$P$3:$P$980,Base!$I$3:$I$980,$B46,Base!$J$3:$J$980,"Ara")/SUMIFS(Base!$L$3:$L$980,Base!$I$3:$I$980,$B46,Base!$J$3:$J$980,"Ara"),"")) -> 15 | D46: =IF($B46="","",IFERROR(SUMIFS(Base!$P$3:$P$980,Base!$I$3:$I$980,$B46,Base!$J$3:$J$980,"Jpe")/SUMIFS(Base!$L$3:$L$980,Base!$I$3:$I$980,$B46,Base!$J$3:$J$980,"Jpe"),"")) -> 0 | E46: =IF($B46="","",IFERROR(SUMIFS(Base!$P$3:$P$980,Base!$I$3:$I$980,$B46)/SUMIFS(Base!$L$3:$L$980,Base!$I$3:$I$980,$B46),"")) -> 13.567886
B47: =IFERROR(INDEX(Base!$I$3:$I$980,MATCH(SMALL(Base!$Q$3:$Q$980,18),Base!$Q$3:$Q$980,0)),"") -> PLANTPLUS2 | C47: =IF($B47="","",IFERROR(SUMIFS(Base!$P$3:$P$980,Base!$I$3:$I$980,$B47,Base!$J$3:$J$980,"Ara")/SUMIFS(Base!$L$3:$L$980,Base!$I$3:$I$980,$B47,Base!$J$3:$J$980,"Ara"),"")) -> 13.630013 | D47: =IF($B47="","",IFERROR(SUMIFS(Base!$P$3:$P$980,Base!$I$3:$I$980,$B47,Base!$J$3:$J$980,"Jpe")/SUMIFS(Base!$L$3:$L$980,Base!$I$3:$I$980,$B47,Base!$J$3:$J$980,"Jpe"),"")) -> 16 | E47: =IF($B47="","",IFERROR(SUMIFS(Base!$P$3:$P$980,Base!$I$3:$I$980,$B47)/SUMIFS(Base!$L$3:$L$980,Base!$I$3:$I$980,$B47),"")) -> 14.182656
B48: =IFERROR(INDEX(Base!$I$3:$I$980,MATCH(SMALL(Base!$Q$3:$Q$980,19),Base!$Q$3:$Q$980,0)),"") -> REFRICON | C48: =IF($B48="","",IFERROR(SUMIFS(Base!$P$3:$P$980,Base!$I$3:$I$980,$B48,Base!$J$3:$J$980,"Ara")/SUMIFS(Base!$L$3:$L$980,Base!$I$3:$I$980,$B48,Base!$J$3:$J$980,"Ara"),"")) -> 13.729384 | D48: =IF($B48="","",IFERROR(SUMIFS(Base!$P$3:$P$980,Base!$I$3:$I$980,$B48,Base!$J$3:$J$980,"Jpe")/SUMIFS(Base!$L$3:$L$980,Base!$I$3:$I$980,$B48,Base!$J$3:$J$980,"Jpe"),"")) -> 16.630169 | E48: =IF($B48="","",IFERROR(SUMIFS(Base!$P$3:$P$980,Base!$I$3:$I$980,$B48)/SUMIFS(Base!$L$3:$L$980,Base!$I$3:$I$980,$B48),"")) -> 14.610594
B49: =IFERROR(INDEX(Base!$I$3:$I$980,MATCH(SMALL(Base!$Q$3:$Q$980,20),Base!$Q$3:$Q$980,0)),"") -> SEARA | C49: =IF($B49="","",IFERROR(SUMIFS(Base!$P$3:$P$980,Base!$I$3:$I$980,$B49,Base!$J$3:$J$980,"Ara")/SUMIFS(Base!$L$3:$L$980,Base!$I$3:$I$980,$B49,Base!$J$3:$J$980,"Ara"),"")) -> 14.417848 | D49: =IF($B49="","",IFERROR(SUMIFS(Base!$P$3:$P$980,Base!$I$3:$I$980,$B49,Base!$J$3:$J$980,"Jpe")/SUMIFS(Base!$L$3:$L$980,Base!$I$3:$I$980,$B49,Base!$J$3:$J$980,"Jpe"),"")) -> 15.370318 | E49: =IF($B49="","",IFERROR(SUMIFS(Base!$P$3:$P$980,Base!$I$3:$I$980,$B49)/SUMIFS(Base!$L$3:$L$980,Base!$I$3:$I$980,$B49),"")) -> 14.684609
B50: =IFERROR(INDEX(Base!$I$3:$I$980,MATCH(SMALL(Base!$Q$3:$Q$980,21),Base!$Q$3:$Q$980,0)),"") -> TUICIAL | C50: =IF($B50="","",IFERROR(SUMIFS(Base!$P$3:$P$980,Base!$I$3:$I$980,$B50,Base!$J$3:$J$980,"Ara")/SUMIFS(Base!$L$3:$L$980,Base!$I$3:$I$980,$B50,Base!$J$3:$J$980,"Ara"),"")) -> 15 | D50: =IF($B50="","",IFERROR(SUMIFS(Base!$P$3:$P$980,Base!$I$3:$I$980,$B50,Base!$J$3:$J$980,"Jpe")/SUMIFS(Base!$L$3:$L$980,Base!$I$3:$I$980,$B50,Base!$J$3:$J$980,"Jpe"),"")) -> 15 | E50: =IF($B50="","",IFERROR(SUMIFS(Base!$P$3:$P$980,Base!$I$3:$I$980,$B50)/SUMIFS(Base!$L$3:$L$980,Base!$I$3:$I$980,$B50),"")) -> 15
B51: =IFERROR(INDEX(Base!$I$3:$I$980,MATCH(SMALL(Base!$Q$3:$Q$980,22),Base!$Q$3:$Q$980,0)),"") -> SEARA2 | C51: =IF($B51="","",IFERROR(SUMIFS(Base!$P$3:$P$980,Base!$I$3:$I$980,$B51,Base!$J$3:$J$980,"Ara")/SUMIFS(Base!$L$3:$L$980,Base!$I$3:$I$980,$B51,Base!$J$3:$J$980,"Ara"),"")) -> 15.334341 | D51: =IF($B51="","",IFERROR(SUMIFS(Base!$P$3:$P$980,Base!$I$3:$I$980,$B51,Base!$J$3:$J$980,"Jpe")/SUMIFS(Base!$L$3:$L$980,Base!$I$3:$I$980,$B51,Base!$J$3:$J$980,"Jpe"),"")) -> 15 | E51: =IF($B51="","",IFERROR(SUMIFS(Base!$P$3:$P$980,Base!$I$3:$I$980,$B51)/SUMIFS(Base!$L$3:$L$980,Base!$I$3:$I$980,$B51),"")) -> 15.230715
B52: =IFERROR(INDEX(Base!$I$3:$I$980,MATCH(SMALL(Base!$Q$3:$Q$980,23),Base!$Q$3:$Q$980,0)),"") -> SERT PLAST | C52: =IF($B52="","",IFERROR(SUMIFS(Base!$P$3:$P$980,Base!$I$3:$I$980,$B52,Base!$J$3:$J$980,"Ara")/SUMIFS(Base!$L$3:$L$980,Base!$I$3:$I$980,$B52,Base!$J$3:$J$980,"Ara"),"")) -> 18.75237 | D52: =IF($B52="","",IFERROR(SUMIFS(Base!$P$3:$P$980,Base!$I$3:$I$980,$B52,Base!$J$3:$J$980,"Jpe")/SUMIFS(Base!$L$3:$L$980,Base!$I$3:$I$980,$B52,Base!$J$3:$J$980,"Jpe"),"")) -> 11.874053 | E52: =IF($B52="","",IFERROR(SUMIFS(Base!$P$3:$P$980,Base!$I$3:$I$980,$B52)/SUMIFS(Base!$L$3:$L$980,Base!$I$3:$I$980,$B52),"")) -> 15.288387
B53: =IFERROR(INDEX(Base!$I$3:$I$980,MATCH(SMALL(Base!$Q$3:$Q$980,24),Base!$Q$3:$Q$980,0)),"") -> BENASSI AN | C53: =IF($B53="","",IFERROR(SUMIFS(Base!$P$3:$P$980,Base!$I$3:$I$980,$B53,Base!$J$3:$J$980,"Ara")/SUMIFS(Base!$L$3:$L$980,Base!$I$3:$I$980,$B53,Base!$J$3:$J$980,"Ara"),"")) -> 18.634022 | D53: =IF($B53="","",IFERROR(SUMIFS(Base!$P$3:$P$980,Base!$I$3:$I$980,$B53,Base!$J$3:$J$980,"Jpe")/SUMIFS(Base!$L$3:$L$980,Base!$I$3:$I$980,$B53,Base!$J$3:$J$980,"Jpe"),"")) -> 10.804253 | E53: =IF($B53="","",IFERROR(SUMIFS(Base!$P$3:$P$980,Base!$I$3:$I$980,$B53)/SUMIFS(Base!$L$3:$L$980,Base!$I$3:$I$980,$B53),"")) -> 15.389591
B54: =IFERROR(INDEX(Base!$I$3:$I$980,MATCH(SMALL(Base!$Q$3:$Q$980,25),Base!$Q$3:$Q$980,0)),"") -> HEINZ | C54: =IF($B54="","",IFERROR(SUMIFS(Base!$P$3:$P$980,Base!$I$3:$I$980,$B54,Base!$J$3:$J$980,"Ara")/SUMIFS(Base!$L$3:$L$980,Base!$I$3:$I$980,$B54,Base!$J$3:$J$980,"Ara"),"")) -> 17.88555 | D54: =IF($B54="","",IFERROR(SUMIFS(Base!$P$3:$P$980,Base!$I$3:$I$980,$B54,Base!$J$3:$J$980,"Jpe")/SUMIFS(Base!$L$3:$L$980,Base!$I$3:$I$980,$B54,Base!$J$3:$J$980,"Jpe"),"")) -> 11.879596 | E54: =IF($B54="","",IFERROR(SUMIFS(Base!$P$3:$P$980,Base!$I$3:$I$980,$B54)/SUMIFS(Base!$L$3:$L$980,Base!$I$3:$I$980,$B54),"")) -> 15.522708
B55: =IFERROR(INDEX(Base!$I$3:$I$980,MATCH(SMALL(Base!$Q$3:$Q$980,26),Base!$Q$3:$Q$980,0)),"") -> MINERVA | C55: =IF($B55="","",IFERROR(SUMIFS(Base!$P$3:$P$980,Base!$I$3:$I$980,$B55,Base!$J$3:$J$980,"Ara")/SUMIFS(Base!$L$3:$L$980,Base!$I$3:$I$980,$B55,Base!$J$3:$J$980,"Ara"),"")) -> 16.148955 | D55: =IF($B55="","",IFERROR(SUMIFS(Base!$P$3:$P$980,Base!$I$3:$I$980,$B55,Base!$J$3:$J$980,"Jpe")/SUMIFS(Base!$L$3:$L$980,Base!$I$3:$I$980,$B55,Base!$J$3:$J$980,"Jpe"),"")) -> 15 | E55: =IF($B55="","",IFERROR(SUMIFS(Base!$P$3:$P$980,Base!$I$3:$I$980,$B55)/SUMIFS(Base!$L$3:$L$980,Base!$I$3:$I$980,$B55),"")) -> 15.804224
B56: =IFERROR(INDEX(Base!$I$3:$I$980,MATCH(SMALL(Base!$Q$3:$Q$980,27),Base!$Q$3:$Q$980,0)),"") -> BUNGE | C56: =IF($B56="","",IFERROR(SUMIFS(Base!$P$3:$P$980,Base!$I$3:$I$980,$B56,Base!$J$3:$J$980,"Ara")/SUMIFS(Base!$L$3:$L$980,Base!$I$3:$I$980,$B56,Base!$J$3:$J$980,"Ara"),"")) -> 18.036325 | D56: =IF($B56="","",IFERROR(SUMIFS(Base!$P$3:$P$980,Base!$I$3:$I$980,$B56,Base!$J$3:$J$980,"Jpe")/SUMIFS(Base!$L$3:$L$980,Base!$I$3:$I$980,$B56,Base!$J$3:$J$980,"Jpe"),"")) -> 12.560807 | E56: =IF($B56="","",IFERROR(SUMIFS(Base!$P$3:$P$980,Base!$I$3:$I$980,$B56)/SUMIFS(Base!$L$3:$L$980,Base!$I$3:$I$980,$B56),"")) -> 16.071951
B57: =IFERROR(INDEX(Base!$I$3:$I$980,MATCH(SMALL(Base!$Q$3:$Q$980,28),Base!$Q$3:$Q$980,0)),"") -> MECANOPACK | C57: =IF($B57="","",IFERROR(SUMIFS(Base!$P$3:$P$980,Base!$I$3:$I$980,$B57,Base!$J$3:$J$980,"Ara")/SUMIFS(Base!$L$3:$L$980,Base!$I$3:$I$980,$B57,Base!$J$3:$J$980,"Ara"),"")) -> 16.131963 | D57: =IF($B57="","",IFERROR(SUMIFS(Base!$P$3:$P$980,Base!$I$3:$I$980,$B57,Base!$J$3:$J$980,"Jpe")/SUMIFS(Base!$L$3:$L$980,Base!$I$3:$I$980,$B57,Base!$J$3:$J$980,"Jpe"),"")) -> 16.090352 | E57: =IF($B57="","",IFERROR(SUMIFS(Base!$P$3:$P$980,Base!$I$3:$I$980,$B57)/SUMIFS(Base!$L$3:$L$980,Base!$I$3:$I$980,$B57),"")) -> 16.114061
B58: =IFERROR(INDEX(Base!$I$3:$I$980,MATCH(SMALL(Base!$Q$3:$Q$980,29),Base!$Q$3:$Q$980,0)),"") -> PLASTIFAMA | C58: =IF($B58="","",IFERROR(SUMIFS(Base!$P$3:$P$980,Base!$I$3:$I$980,$B58,Base!$J$3:$J$980,"Ara")/SUMIFS(Base!$L$3:$L$980,Base!$I$3:$I$980,$B58,Base!$J$3:$J$980,"Ara"),"")) -> 19.891558 | D58: =IF($B58="","",IFERROR(SUMIFS(Base!$P$3:$P$980,Base!$I$3:$I$980,$B58,Base!$J$3:$J$980,"Jpe")/SUMIFS(Base!$L$3:$L$980,Base!$I$3:$I$980,$B58,Base!$J$3:$J$980,"Jpe"),"")) -> 14.287464 | E58: =IF($B58="","",IFERROR(SUMIFS(Base!$P$3:$P$980,Base!$I$3:$I$980,$B58)/SUMIFS(Base!$L$3:$L$980,Base!$I$3:$I$980,$B58),"")) -> 17.10691
B59: =IFERROR(INDEX(Base!$I$3:$I$980,MATCH(SMALL(Base!$Q$3:$Q$980,30),Base!$Q$3:$Q$980,0)),"") -> BRF | C59: =IF($B59="","",IFERROR(SUMIFS(Base!$P$3:$P$980,Base!$I$3:$I$980,$B59,Base!$J$3:$J$980,"Ara")/SUMIFS(Base!$L$3:$L$980,Base!$I$3:$I$980,$B59,Base!$J$3:$J$980,"Ara"),"")) -> 18.5 | D59: =IF($B59="","",IFERROR(SUMIFS(Base!$P$3:$P$980,Base!$I$3:$I$980,$B59,Base!$J$3:$J$980,"Jpe")/SUMIFS(Base!$L$3:$L$980,Base!$I$3:$I$980,$B59,Base!$J$3:$J$980,"Jpe"),"")) -> 15.053982 | E59: =IF($B59="","",IFERROR(SUMIFS(Base!$P$3:$P$980,Base!$I$3:$I$980,$B59)/SUMIFS(Base!$L$3:$L$980,Base!$I$3:$I$980,$B59),"")) -> 17.329998
B60: =IFERROR(INDEX(Base!$I$3:$I$980,MATCH(SMALL(Base!$Q$3:$Q$980,31),Base!$Q$3:$Q$980,0)),"") -> ALTACOPPO | C60: =IF($B60="","",IFERROR(SUMIFS(Base!$P$3:$P$980,Base!$I$3:$I$980,$B60,Base!$J$3:$J$980,"Ara")/SUMIFS(Base!$L$3:$L$980,Base!$I$3:$I$980,$B60,Base!$J$3:$J$980,"Ara"),"")) -> 32.70862 | D60: =IF($B60="","",IFERROR(SUMIFS(Base!$P$3:$P$980,Base!$I$3:$I$980,$B60,Base!$J$3:$J$980,"Jpe")/SUMIFS(Base!$L$3:$L$980,Base!$I$3:$I$980,$B60,Base!$J$3:$J$980,"Jpe"),"")) -> 8.7466947 | E60: =IF($B60="","",IFERROR(SUMIFS(Base!$P$3:$P$980,Base!$I$3:$I$980,$B60)/SUMIFS(Base!$L$3:$L$980,Base!$I$3:$I$980,$B60),"")) -> 17.597553
B61: =IFERROR(INDEX(Base!$I$3:$I$980,MATCH(SMALL(Base!$Q$3:$Q$980,32),Base!$Q$3:$Q$980,0)),"") -> DUPON | C61: =IF($B61="","",IFERROR(SUMIFS(Base!$P$3:$P$980,Base!$I$3:$I$980,$B61,Base!$J$3:$J$980,"Ara")/SUMIFS(Base!$L$3:$L$980,Base!$I$3:$I$980,$B61,Base!$J$3:$J$980,"Ara"),"")) -> 18.092827 | D61: =IF($B61="","",IFERROR(SUMIFS(Base!$P$3:$P$980,Base!$I$3:$I$980,$B61,Base!$J$3:$J$980,"Jpe")/SUMIFS(Base!$L$3:$L$980,Base!$I$3:$I$980,$B61,Base!$J$3:$J$980,"Jpe"),"")) -> 17.271753 | E61: =IF($B61="","",IFERROR(SUMIFS(Base!$P$3:$P$980,Base!$I$3:$I$980,$B61)/SUMIFS(Base!$L$3:$L$980,Base!$I$3:$I$980,$B61),"")) -> 17.620632
B62: =IFERROR(INDEX(Base!$I$3:$I$980,MATCH(SMALL(Base!$Q$3:$Q$980,33),Base!$Q$3:$Q$980,0)),"") -> KERRY | C62: =IF($B62="","",IFERROR(SUMIFS(Base!$P$3:$P$980,Base!$I$3:$I$980,$B62,Base!$J$3:$J$980,"Ara")/SUMIFS(Base!$L$3:$L$980,Base!$I$3:$I$980,$B62,Base!$J$3:$J$980,"Ara"),"")) -> 20.202218 | D62: =IF($B62="","",IFERROR(SUMIFS(Base!$P$3:$P$980,Base!$I$3:$I$980,$B62,Base!$J$3:$J$980,"Jpe")/SUMIFS(Base!$L$3:$L$980,Base!$I$3:$I$980,$B62,Base!$J$3:$J$980,"Jpe"),"")) -> 13.478661 | E62: =IF($B62="","",IFERROR(SUMIFS(Base!$P$3:$P$980,Base!$I$3:$I$980,$B62)/SUMIFS(Base!$L$3:$L$980,Base!$I$3:$I$980,$B62),"")) -> 18.057382
B63: =IFERROR(INDEX(Base!$I$3:$I$980,MATCH(SMALL(Base!$Q$3:$Q$980,34),Base!$Q$3:$Q$980,0)),"") -> NATURALONE | C63: =IF($B63="","",IFERROR(SUMIFS(Base!$P$3:$P$980,Base!$I$3:$I$980,$B63,Base!$J$3:$J$980,"Ara")/SUMIFS(Base!$L$3:$L$980,Base!$I$3:$I$980,$B63,Base!$J$3:$J$980,"Ara"),"")) -> 19.326466 | D63: =IF($B63="","",IFERROR(SUMIFS(Base!$P$3:$P$980,Base!$I$3:$I$980,$B63,Base!$J$3:$J$980,"Jpe")/SUMIFS(Base!$L$3:$L$980,Base!$I$3:$I$980,$B63,Base!$J$3:$J$980,"Jpe"),"")) -> 17.167272 | E63: =IF($B63="","",IFERROR(SUMIFS(Base!$P$3:$P$980,Base!$I$3:$I$980,$B63)/SUMIFS(Base!$L$3:$L$980,Base!$I$3:$I$980,$B63),"")) -> 18.63324
B64: =IFERROR(INDEX(Base!$I$3:$I$980,MATCH(SMALL(Base!$Q$3:$Q$980,35),Base!$Q$3:$Q$980,0)),"") -> BLISTER | C64: =IF($B64="","",IFERROR(SUMIFS(Base!$P$3:$P$980,Base!$I$3:$I$980,$B64,Base!$J$3:$J$980,"Ara")/SUMIFS(Base!$L$3:$L$980,Base!$I$3:$I$980,$B64,Base!$J$3:$J$980,"Ara"),"")) -> 22.760055 | D64: =IF($B64="","",IFERROR(SUMIFS(Base!$P$3:$P$980,Base!$I$3:$I$980,$B64,Base!$J$3:$J$980,"Jpe")/SUMIFS(Base!$L$3:$L$980,Base!$I$3:$I$980,$B64,Base!$J$3:$J$980,"Jpe"),"")) -> 20.433032 | E64: =IF($B64="","",IFERROR(SUMIFS(Base!$P$3:$P$980,Base!$I$3:$I$980,$B64)/SUMIFS(Base!$L$3:$L$980,Base!$I$3:$I$980,$B64),"")) -> 21.19596
B65: =IFERROR(INDEX(Base!$I$3:$I$980,MATCH(SMALL(Base!$Q$3:$Q$980,36),Base!$Q$3:$Q$980,0)),"") -> FLAMIN | C65: =IF($B65="","",IFERROR(SUMIFS(Base!$P$3:$P$980,Base!$I$3:$I$980,$B65,Base!$J$3:$J$980,"Ara")/SUMIFS(Base!$L$3:$L$980,Base!$I$3:$I$980,$B65,Base!$J$3:$J$980,"Ara"),"")) -> 24.329379 | D65: =IF($B65="","",IFERROR(SUMIFS(Base!$P$3:$P$980,Base!$I$3:$I$980,$B65,Base!$J$3:$J$980,"Jpe")/SUMIFS(Base!$L$3:$L$980,Base!$I$3:$I$980,$B65,Base!$J$3:$J$980,"Jpe"),"")) -> 17.843127 | E65: =IF($B65="","",IFERROR(SUMIFS(Base!$P$3:$P$980,Base!$I$3:$I$980,$B65)/SUMIFS(Base!$L$3:$L$980,Base!$I$3:$I$980,$B65),"")) -> 21.738313
B66: =IFERROR(INDEX(Base!$I$3:$I$980,MATCH(SMALL(Base!$Q$3:$Q$980,37),Base!$Q$3:$Q$980,0)),"") -> MELHORA 1 | C66: =IF($B66="","",IFERROR(SUMIFS(Base!$P$3:$P$980,Base!$I$3:$I$980,$B66,Base!$J$3:$J$980,"Ara")/SUMIFS(Base!$L$3:$L$980,Base!$I$3:$I$980,$B66,Base!$J$3:$J$980,"Ara"),"")) -> 25.00979 | D66: =IF($B66="","",IFERROR(SUMIFS(Base!$P$3:$P$980,Base!$I$3:$I$980,$B66,Base!$J$3:$J$980,"Jpe")/SUMIFS(Base!$L$3:$L$980,Base!$I$3:$I$980,$B66,Base!$J$3:$J$980,"Jpe"),"")) -> 19 | E66: =IF($B66="","",IFERROR(SUMIFS(Base!$P$3:$P$980,Base!$I$3:$I$980,$B66)/SUMIFS(Base!$L$3:$L$980,Base!$I$3:$I$980,$B66),"")) -> 22.052353
B67: =IFERROR(INDEX(Base!$I$3:$I$980,MATCH(SMALL(Base!$Q$3:$Q$980,38),Base!$Q$3:$Q$980,0)),"") -> ALL4LABELS | C67: =IF($B67="","",IFERROR(SUMIFS(Base!$P$3:$P$980,Base!$I$3:$I$980,$B67,Base!$J$3:$J$980,"Ara")/SUMIFS(Base!$L$3:$L$980,Base!$I$3:$I$980,$B67,Base!$J$3:$J$980,"Ara"),"")) -> 23 | D67: =IF($B67="","",IFERROR(SUMIFS(Base!$P$3:$P$980,Base!$I$3:$I$980,$B67,Base!$J$3:$J$980,"Jpe")/SUMIFS(Base!$L$3:$L$980,Base!$I$3:$I$980,$B67,Base!$J$3:$J$980,"Jpe"),"")) -> 38 | E67: =IF($B67="","",IFERROR(SUMIFS(Base!$P$3:$P$980,Base!$I$3:$I$980,$B67)/SUMIFS(Base!$L$3:$L$980,Base!$I$3:$I$980,$B67),"")) -> 26.952831
B68: =IFERROR(INDEX(Base!$I$3:$I$980,MATCH(SMALL(Base!$Q$3:$Q$980,39),Base!$Q$3:$Q$980,0)),"") -> BRASILGRAF | C68: =IF($B68="","",IFERROR(SUMIFS(Base!$P$3:$P$980,Base!$I$3:$I$980,$B68,Base!$J$3:$J$980,"Ara")/SUMIFS(Base!$L$3:$L$980,Base!$I$3:$I$980,$B68,Base!$J$3:$J$980,"Ara"),"")) -> 25.871898 | D68: =IF($B68="","",IFERROR(SUMIFS(Base!$P$3:$P$980,Base!$I$3:$I$980,$B68,Base!$J$3:$J$980,"Jpe")/SUMIFS(Base!$L$3:$L$980,Base!$I$3:$I$980,$B68,Base!$J$3:$J$980,"Jpe"),"")) -> 32 | E68: =IF($B68="","",IFERROR(SUMIFS(Base!$P$3:$P$980,Base!$I$3:$I$980,$B68)/SUMIFS(Base!$L$3:$L$980,Base!$I$3:$I$980,$B68),"")) -> 28.474832
B69: Total Geral | C69: =IFERROR(SUMIFS(Base!$P$3:$P$980,Base!$J$3:$J$980,"Ara")/SUMIFS(Base!$L$3:$L$980,Base!$J$3:$J$980,"Ara"),"") -> 12.654823 | D69: =IFERROR(SUMIFS(Base!$P$3:$P$980,Base!$J$3:$J$980,"Jpe")/SUMIFS(Base!$L$3:$L$980,Base!$J$3:$J$980,"Jpe"),"") -> 11.115537 | E69: =IFERROR(SUM(Base!$P$3:$P$980)/SUM(Base!$L$3:$L$980),"") -> 12.1204

Sheet Ara
B2: DOH Araucária – por Categoria
B5: Categoria / Item | C5: Fornecedor | D5: SAP | E5: Estoque (cx) | F5: Demanda (cx/dia) | G5: DOH | H5: PE | I5: DOH Considerado | J5: Ranking categoria (1 = mais crítica) | K5: Chave
B6: BEBIDAS | E6: =SUMIFS(Base!$K$3:$K$980,Base!$J$3:$J$980,"Ara",Base!$G$3:$G$980,$B6,Base!$K$3:$K$980,"<>#N/A") -> 25334 | F6: =SUMIFS(Base!$L$3:$L$980,Base!$J$3:$J$980,"Ara",Base!$G$3:$G$980,$B6) -> 470.41803 | G6: =IFERROR(E6/F6,0) -> 53.854229 | I6: =IFERROR(SUMIFS(Base!$P$3:$P$980,Base!$J$3:$J$980,"Ara",Base!$G$3:$G$980,$B6)/F6,0) -> 19.542407 | J6: =1+SUMPRODUCT(($K$6:$K$114="")*($I$6:$I$114<I6)) -> 9
B7: =INDEX(Base!$H$3:$H$980,MATCH($K7,Base!$B$3:$B$980,0)) -> SUCO UVA/ MACA NATURAL ONE 180 ML FD C/6UN | C7: =IFERROR(IF(INDEX(Base!$I$3:$I$980,MATCH($K7,Base!$B$3:$B$980,0))="","",INDEX(Base!$I$3:$I$980,MATCH($K7,Base!$B$3:$B$980,0))),"sem fornecedor") -> NATURALONE | D7: =INDEX(Base!$E$3:$E$980,MATCH($K7,Base!$B$3:$B$980,0)) -> 221000000780 | E7: =IFERROR(INDEX(Base!$K$3:$K$980,MATCH($K7,Base!$B$3:$B$980,0)),"sem estoque") -> 13735 | F7: =INDEX(Base!$L$3:$L$980,MATCH($K7,Base!$B$3:$B$980,0)) -> 209.40989 | G7: =INDEX(Base!$M$3:$M$980,MATCH($K7,Base!$B$3:$B$980,0)) -> 65.58907 | H7: =INDEX(Base!$N$3:$N$980,MATCH($K7,Base!$B$3:$B$980,0)) -> 20.83083 | I7: =INDEX(Base!$O$3:$O$980,MATCH($K7,Base!$B$3:$B$980,0)) -> 20.83083 | K7: 221000000780Ara
B8: =INDEX(Base!$H$3:$H$980,MATCH($K8,Base!$B$3:$B$980,0)) -> SUCO LARANJA COM MACA FD 12X300ML | C8: =IFERROR(IF(INDEX(Base!$I$3:$I$980,MATCH($K8,Base!$B$3:$B$980,0))="","",INDEX(Base!$I$3:$I$980,MATCH($K8,Base!$B$3:$B$980,0))),"sem fornecedor") -> NATURALONE | D8: =INDEX(Base!$E$3:$E$980,MATCH($K8,Base!$B$3:$B$980,0)) -> 221000000541 | E8: =IFERROR(INDEX(Base!$K$3:$K$980,MATCH($K8,Base!$B$3:$B$980,0)),"sem estoque") -> 3946 | F8: =INDEX(Base!$L$3:$L$980,MATCH($K8,Base!$B$3:$B$980,0)) -> 115.85308 | G8: =INDEX(Base!$M$3:$M$980,MATCH($K8,Base!$B$3:$B$980,0)) -> 34.06038 | H8: =INDEX(Base!$N$3:$N$980,MATCH($K8,Base!$B$3:$B$980,0)) -> 15 | I8: =INDEX(Base!$O$3:$O$980,MATCH($K8,Base!$B$3:$B$980,0)) -> 15 | K8: 221000000541Ara
B9: =INDEX(Base!$H$3:$H$980,MATCH($K9,Base!$B$3:$B$980,0)) -> SUCO UVA MACA 12X300ML PPY/BK | C9: =IFERROR(IF(INDEX(Base!$I$3:$I$980,MATCH($K9,Base!$B$3:$B$980,0))="","",INDEX(Base!$I$3:$I$980,MATCH($K9,Base!$B$3:$B$980,0))),"sem fornecedor") -> NATURALONE | D9: =INDEX(Base!$E$3:$E$980,MATCH($K9,Base!$B$3:$B$980,0)) -> 201080000086 | E9: =IFERROR(INDEX(Base!$K$3:$K$980,MATCH($K9,Base!$B$3:$B$980,0)),"sem estoque") -> 7159 | F9: =INDEX(Base!$L$3:$L$980,MATCH($K9,Base!$B$3:$B$980,0)) -> 124.85038 | G9: =INDEX(Base!$M$3:$M$980,MATCH($K9,Base!$B$3:$B$980,0)) -> 57.340632 | H9: =INDEX(Base!$N$3:$N$980,MATCH($K9,Base!$B$3:$B$980,0)) -> 20.817897 | I9: =INDEX(Base!$O$3:$O$980,MATCH($K9,Base!$B$3:$B$980,0)) -> 20.817897 | K9: 201080000086Ara
B10: =INDEX(Base!$H$3:$H$980,MATCH($K10,Base!$B$3:$B$980,0)) -> AGUA MINERAL BURGER KING CX 48 UN | C10: =IFERROR(IF(INDEX(Base!$I$3:$I$980,MATCH($K10,Base!$B$3:$B$980,0))="","",INDEX(Base!$I$3:$I$980,MATCH($K10,Base!$B$3:$B$980,0))),"sem fornecedor") -> FLAMIN | D10: =INDEX(Base!$E$3:$E$980,MATCH($K10,Base!$B$3:$B$980,0)) -> 201080000005 | E10: =IFERROR(INDEX(Base!$K$3:$K$980,MATCH($K10,Base!$B$3:$B$980,0)),"sem estoque") -> 494 | F10: =INDEX(Base!$L$3:$L$980,MATCH($K10,Base!$B$3:$B$980,0)) -> 20.30467 | G10: =INDEX(Base!$M$3:$M$980,MATCH($K10,Base!$B$3:$B$980,0)) -> 24.329379 | H10: =INDEX(Base!$N$3:$N$980,MATCH($K10,Base!$B$3:$B$980,0)) -> 31 | I10: =INDEX(Base!$O$3:$O$980,MATCH($K10,Base!$B$3:$B$980,0)) -> 24.329379 | K10: 201080000005Ara
B11: PÃES | E11: =SUMIFS(Base!$K$3:$K$980,Base!$J$3:$J$980,"Ara",Base!$G$3:$G$980,$B11,Base!$K$3:$K$980,"<>#N/A") -> 8281 | F11: =SUMIFS(Base!$L$3:$L$980,Base!$J$3:$J$980,"Ara",Base!$G$3:$G$980,$B11) -> 618.17641 | G11: =IFERROR(E11/F11,0) -> 13.395853 | I11: =IFERROR(SUMIFS(Base!$P$3:$P$980,Base!$J$3:$J$980,"Ara",Base!$G$3:$G$980,$B11)/F11,0) -> 7.8057792 | J11: =1+SUMPRODUCT(($K$6:$K$114="")*($I$6:$I$114<I11)) -> 1
B12: =INDEX(Base!$H$3:$H$980,MATCH($K12,Base!$B$3:$B$980,0)) -> PAO BK 5 CL CXG CONG 10500G UNB | C12: =IFERROR(IF(INDEX(Base!$I$3:$I$980,MATCH($K12,Base!$B$3:$B$980,0))="","",INDEX(Base!$I$3:$I$980,MATCH($K12,Base!$B$3:$B$980,0))),"sem fornecedor") -> BIMBO | D12: =INDEX(Base!$E$3:$E$980,MATCH($K12,Base!$B$3:$B$980,0)) -> 201010000575 | E12: =IFERROR(INDEX(Base!$K$3:$K$980,MATCH($K12,Base!$B$3:$B$980,0)),"sem estoque") -> 3646 | F12: =INDEX(Base!$L$3:$L$980,MATCH($K12,Base!$B$3:$B$980,0)) -> 293.73136 | G12: =INDEX(Base!$M$3:$M$980,MATCH($K12,Base!$B$3:$B$980,0)) -> 12.412703 | H12: =INDEX(Base!$N$3:$N$980,MATCH($K12,Base!$B$3:$B$980,0)) -> 7.03 | I12: =INDEX(Base!$O$3:$O$980,MATCH($K12,Base!$B$3:$B$980,0)) -> 7.03 | K12: 201010000575Ara
B13: =INDEX(Base!$H$3:$H$980,MATCH($K13,Base!$B$3:$B$980,0)) -> PAO BK 4 CONG CXG 14900G UNB | C13: =IFERROR(IF(INDEX(Base!$I$3:$I$980,MATCH($K13,Base!$B$3:$B$980,0))="","",INDEX(Base!$I$3:$I$980,MATCH($K13,Base!$B$3:$B$980,0))),"sem fornecedor") -> BIMBO | D13: =INDEX(Base!$E$3:$E$980,MATCH($K13,Base!$B$3:$B$980,0)) -> 201010000262 | E13: =IFERROR(INDEX(Base!$K$3:$K$980,MATCH($K13,Base!$B$3:$B$980,0)),"sem estoque") -> 3448 | F13: =INDEX(Base!$L$3:$L$980,MATCH($K13,Base!$B$3:$B$980,0)) -> 272.30958 | G13: =INDEX(Base!$M$3:$M$980,MATCH($K13,Base!$B$3:$B$980,0)) -> 12.662059 | H13: =INDEX(Base!$N$3:$N$980,MATCH($K13,Base!$B$3:$B$980,0)) -> 7.86 | I13: =INDEX(Base!$O$3:$O$980,MATCH($K13,Base!$B$3:$B$980,0)) -> 7.86 | K13: 201010000262Ara
B14: =INDEX(Base!$H$3:$H$980,MATCH($K14,Base!$B$3:$B$980,0)) -> PAO SUPREMO BK CONG CX 180 UND | C14: =IFERROR(IF(INDEX(Base!$I$3:$I$980,MATCH($K14,Base!$B$3:$B$980,0))="","",INDEX(Base!$I$3:$I$980,MATCH($K14,Base!$B$3:$B$980,0))),"sem fornecedor") -> BIMBO | D14: =INDEX(Base!$E$3:$E$980,MATCH($K14,Base!$B$3:$B$980,0)) -> 201010000368 | E14: =IFERROR(INDEX(Base!$K$3:$K$980,MATCH($K14,Base!$B$3:$B$980,0)),"sem estoque") -> 760 | F14: =INDEX(Base!$L$3:$L$980,MATCH($K14,Base!$B$3:$B$980,0)) -> 32.393656 | G14: =INDEX(Base!$M$3:$M$980,MATCH($K14,Base!$B$3:$B$980,0)) -> 23.461384 | H14: =INDEX(Base!$N$3:$N$980,MATCH($K14,Base!$B$3:$B$980,0)) -> 10 | I14: =INDEX(Base!$O$3:$O$980,MATCH($K14,Base!$B$3:$B$980,0)) -> 10 | K14: 201010000368Ara
B15: =INDEX(Base!$H$3:$H$980,MATCH($K15,Base!$B$3:$B$980,0)) -> PAO BRIOCHE BK CX 192 UND | C15: =IFERROR(IF(INDEX(Base!$I$3:$I$980,MATCH($K15,Base!$B$3:$B$980,0))="","",INDEX(Base!$I$3:$I$980,MATCH($K15,Base!$B$3:$B$980,0))),"sem fornecedor") -> BIMBO | D15: =INDEX(Base!$E$3:$E$980,MATCH($K15,Base!$B$3:$B$980,0)) -> 201010000492 | E15: =IFERROR(INDEX(Base!$K$3:$K$980,MATCH($K15,Base!$B$3:$B$980,0)),"sem estoque") -> 427 | F15: =INDEX(Base!$L$3:$L$980,MATCH($K15,Base!$B$3:$B$980,0)) -> 19.741816 | G15: =INDEX(Base!$M$3:$M$980,MATCH($K15,Base!$B$3:$B$980,0)) -> 21.629216 | H15: =INDEX(Base!$N$3:$N$980,MATCH($K15,Base!$B$3:$B$980,0)) -> 15 | I15: =INDEX(Base!$O$3:$O$980,MATCH($K15,Base!$B$3:$B$980,0)) -> 15 | K15: 201010000492Ara
B16: PROTEINAS | E16: =SUMIFS(Base!$K$3:$K$980,Base!$J$3:$J$980,"Ara",Base!$G$3:$G$980,$B16,Base!$K$3:$K$980,"<>#N/A") -> 17844 | F16: =SUMIFS(Base!$L$3:$L$980,Base!$J$3:$J$980,"Ara",Base!$G$3:$G$980,$B16) -> 938.51104 | G16: =IFERROR(E16/F16,0) -> 19.013096 | I16: =IFERROR(SUMIFS(Base!$P$3:$P$980,Base!$J$3:$J$980,"Ara",Base!$G$3:$G$980,$B16)/F16,0) -> 9.9739293 | J16: =1+SUMPRODUCT(($K$6:$K$114="")*($I$6:$I$114<I16)) -> 3
B17: =INDEX(Base!$H$3:$H$980,MATCH($K17,Base!$B$3:$B$980,0)) -> CHICKEN JR CLEAN BK CX 9,88KG | C17: =IFERROR(IF(INDEX(Base!$I$3:$I$980,MATCH($K17,Base!$B$3:$B$980,0))="","",INDEX(Base!$I$3:$I$980,MATCH($K17,Base!$B$3:$B$980,0))),"sem fornecedor") -> SEARA | D17: =INDEX(Base!$E$3:$E$980,MATCH($K17,Base!$B$3:$B$980,0)) -> 201010000218 | E17: =IFERROR(INDEX(Base!$K$3:$K$980,MATCH($K17,Base!$B$3:$B$980,0)),"sem estoque") -> 3948 | F17: =INDEX(Base!$L$3:$L$980,MATCH($K17,Base!$B$3:$B$980,0)) -> 161.22673 | G17: =INDEX(Base!$M$3:$M$980,MATCH($K17,Base!$B$3:$B$980,0)) -> 24.487255 | H17: =INDEX(Base!$N$3:$N$980,MATCH($K17,Base!$B$3:$B$980,0)) -> 14.268349 | I17: =INDEX(Base!$O$3:$O$980,MATCH($K17,Base!$B$3:$B$980,0)) -> 14.268349 | K17: 201010000218Ara
B18: =INDEX(Base!$H$3:$H$980,MATCH($K18,Base!$B$3:$B$980,0)) -> CARNE CONG MOIDA WHOPPER BK CX 17,2KG | C18: =IFERROR(IF(INDEX(Base!$I$3:$I$980,MATCH($K18,Base!$B$3:$B$980,0))="","",INDEX(Base!$I$3:$I$980,MATCH($K18,Base!$B$3:$B$980,0))),"sem fornecedor") -> JBS | D18: =INDEX(Base!$E$3:$E$980,MATCH($K18,Base!$B$3:$B$980,0)) -> 201010000209 | E18: =IFERROR(INDEX(Base!$K$3:$K$980,MATCH($K18,Base!$B$3:$B$980,0)),"sem estoque") -> 5121 | F18: =INDEX(Base!$L$3:$L$980,MATCH($K18,Base!$B$3:$B$980,0)) -> 315.94685 | G18: =INDEX(Base!$M$3:$M$980,MATCH($K18,Base!$B$3:$B$980,0)) -> 16.208422 | H18: =INDEX(Base!$N$3:$N$980,MATCH($K18,Base!$B$3:$B$980,0)) -> 7 | I18: =INDEX(Base!$O$3:$O$980,MATCH($K18,Base!$B$3:$B$980,0)) -> 7 | K18: 201010000209Ara
B19: =INDEX(Base!$H$3:$H$980,MATCH($K19,Base!$B$3:$B$980,0)) -> CARNE HB CONG BKC CX COM 18,7 KG | C19: =IFERROR(IF(INDEX(Base!$I$3:$I$980,MATCH($K19,Base!$B$3:$B$980,0))="","",INDEX(Base!$I$3:$I$980,MATCH($K19,Base!$B$3:$B$980,0))),"sem fornecedor") -> JBS | D19: =INDEX(Base!$E$3:$E$980,MATCH($K19,Base!$B$3:$B$980,0)) -> 201010000645 | E19: =IFERROR(INDEX(Base!$K$3:$K$980,MATCH($K19,Base!$B$3:$B$980,0)),"sem estoque") -> 5060 | F19: =INDEX(Base!$L$3:$L$980,MATCH($K19,Base!$B$3:$B$980,0)) -> 264.3624 | G19: =INDEX(Base!$M$3:$M$980,MATCH($K19,Base!$B$3:$B$980,0)) -> 19.140392 | H19: =INDEX(Base!$N$3:$N$980,MATCH($K19,Base!$B$3:$B$980,0)) -> 7 | I19: =INDEX(Base!$O$3:$O$980,MATCH($K19,Base!$B$3:$B$980,0)) -> 7 | K19: 201010000645Ara
B20: =INDEX(Base!$H$3:$H$980,MATCH($K20,Base!$B$3:$B$980,0)) -> CHICKEN NUGGETS CX COM 12 KG | C20: =IFERROR(IF(INDEX(Base!$I$3:$I$980,MATCH($K20,Base!$B$3:$B$980,0))="","",INDEX(Base!$I$3:$I$980,MATCH($K20,Base!$B$3:$B$980,0))),"sem fornecedor") -> SEARA | D20: =INDEX(Base!$E$3:$E$980,MATCH($K20,Base!$B$3:$B$980,0)) -> 201010000565 | E20: =IFERROR(INDEX(Base!$K$3:$K$980,MATCH($K20,Base!$B$3:$B$980,0)),"sem estoque") -> 1307 | F20: =INDEX(Base!$L$3:$L$980,MATCH($K20,Base!$B$3:$B$980,0)) -> 88.97976 | G20: =INDEX(Base!$M$3:$M$980,MATCH($K20,Base!$B$3:$B$980,0)) -> 14.688734 | H20: =INDEX(Base!$N$3:$N$980,MATCH($K20,Base!$B$3:$B$980,0)) -> 19.443119 | I20: =INDEX(Base!$O$3:$O$980,MATCH($K20,Base!$B$3:$B$980,0)) -> 14.688734 | K20: 201010000565Ara
B21: =INDEX(Base!$H$3:$H$980,MATCH($K21,Base!$B$3:$B$980,0)) -> BACON PRONTO CONG 1187 UND CX 4KG DIS | C21: =IFERROR(IF(INDEX(Base!$I$3:$I$980,MATCH($K21,Base!$B$3:$B$980,0))="","",INDEX(Base!$I$3:$I$980,MATCH($K21,Base!$B$3:$B$980,0))),"sem fornecedor") -> SEARA2 | D21: =INDEX(Base!$E$3:$E$980,MATCH($K21,Base!$B$3:$B$980,0)) -> 201010000684 | E21: =IFERROR(INDEX(Base!$K$3:$K$980,MATCH($K21,Base!$B$3:$B$980,0)),"sem estoque") -> 1076 | F21: =INDEX(Base!$L$3:$L$980,MATCH($K21,Base!$B$3:$B$980,0)) -> 70.1693 | G21: =INDEX(Base!$M$3:$M$980,MATCH($K21,Base!$B$3:$B$980,0)) -> 15.334341 | H21: =INDEX(Base!$N$3:$N$980,MATCH($K21,Base!$B$3:$B$980,0)) -> 17.149905 | I21: =INDEX(Base!$O$3:$O$980,MATCH($K21,Base!$B$3:$B$980,0)) -> 15.334341 | K21: 201010000684Ara
B22: =INDEX(Base!$H$3:$H$980,MATCH($K22,Base!$B$3:$B$980,0)) -> BACON BK ASS CUBOS CX 2X1KG | C22: =IFERROR(IF(INDEX(Base!$I$3:$I$980,MATCH($K22,Base!$B$3:$B$980,0))="","",INDEX(Base!$I$3:$I$980,MATCH($K22,Base!$B$3:$B$980,0))),"sem fornecedor") -> MINERVA | D22: =INDEX(Base!$E$3:$E$980,MATCH($K22,Base!$B$3:$B$980,0)) -> 201010000402 | E22: =IFERROR(INDEX(Base!$K$3:$K$980,MATCH($K22,Base!$B$3:$B$980,0)),"sem estoque") -> 451 | F22: =INDEX(Base!$L$3:$L$980,MATCH($K22,Base!$B$3:$B$980,0)) -> 17.503592 | G22: =INDEX(Base!$M$3:$M$980,MATCH($K22,Base!$B$3:$B$980,0)) -> 25.76614 | H22: =INDEX(Base!$N$3:$N$980,MATCH($K22,Base!$B$3:$B$980,0)) -> 16.148955 | I22: =INDEX(Base!$O$3:$O$980,MATCH($K22,Base!$B$3:$B$980,0)) -> 16.148955 | K22: 201010000402Ara
B23: =INDEX(Base!$H$3:$H$980,MATCH($K23,Base!$B$3:$B$980,0)) -> TENDER CRISPY FILE NOVO BK CX 4X2,5 KG | C23: =IFERROR(IF(INDEX(Base!$I$3:$I$980,MATCH($K23,Base!$B$3:$B$980,0))="","",INDEX(Base!$I$3:$I$980,MATCH($K23,Base!$B$3:$B$980,0))),"sem fornecedor") -> BRF | D23: =INDEX(Base!$E$3:$E$980,MATCH($K23,Base!$B$3:$B$980,0)) -> 201010000539 | E23: =IFERROR(INDEX(Base!$K$3:$K$980,MATCH($K23,Base!$B$3:$B$980,0)),"sem estoque") -> 759 | F23: =INDEX(Base!$L$3:$L$980,MATCH($K23,Base!$B$3:$B$980,0)) -> 11.371565 | G23: =INDEX(Base!$M$3:$M$980,MATCH($K23,Base!$B$3:$B$980,0)) -> 66.745432 | H23: =INDEX(Base!$N$3:$N$980,MATCH($K23,Base!$B$3:$B$980,0)) -> 18.5 | I23: =INDEX(Base!$O$3:$O$980,MATCH($K23,Base!$B$3:$B$980,0)) -> 18.5 | K23: 201010000539Ara
B24: =INDEX(Base!$H$3:$H$980,MATCH($K24,Base!$B$3:$B$980,0)) -> HAMBURGUER REBEL SABOR PICANHA CX 122 UND 12KG | C24: =IFERROR(IF(INDEX(Base!$I$3:$I$980,MATCH($K24,Base!$B$3:$B$980,0))="","",INDEX(Base!$I$3:$I$980,MATCH($K24,Base!$B$3:$B$980,0))),"sem fornecedor") -> PLANTPLUS2 | D24: =INDEX(Base!$E$3:$E$980,MATCH($K24,Base!$B$3:$B$980,0)) -> 201010000654 | E24: =IFERROR(INDEX(Base!$K$3:$K$980,MATCH($K24,Base!$B$3:$B$980,0)),"sem estoque") -> 122 | F24: =INDEX(Base!$L$3:$L$980,MATCH($K24,Base!$B$3:$B$980,0)) -> 8.9508349 | G24: =INDEX(Base!$M$3:$M$980,MATCH($K24,Base!$B$3:$B$980,0)) -> 13.630013 | H24: =INDEX(Base!$N$3:$N$980,MATCH($K24,Base!$B$3:$B$980,0)) -> 17.141751 | I24: =INDEX(Base!$O$3:$O$980,MATCH($K24,Base!$B$3:$B$980,0)) -> 13.630013 | K24: 201010000654Ara
B25: LÁCTEOS | E25: =SUMIFS(Base!$K$3:$K$980,Base!$J$3:$J$980,"Ara",Base!$G$3:$G$980,$B25,Base!$K$3:$K$980,"<>#N/A") -> 3466 | F25: =SUMIFS(Base!$L$3:$L$980,Base!$J$3:$J$980,"Ara",Base!$G$3:$G$980,$B25) -> 357.5008 | G25: =IFERROR(E25/F25,0) -> 9.6950832 | I25: =IFERROR(SUMIFS(Base!$P$3:$P$980,Base!$J$3:$J$980,"Ara",Base!$G$3:$G$980,$B25)/F25,0) -> 9.6950832 | J25: =1+SUMPRODUCT(($K$6:$K$114="")*($I$6:$I$114<I25)) -> 2
B26: =INDEX(Base!$H$3:$H$980,MATCH($K26,Base!$B$3:$B$980,0)) -> BEBIDA LACTEA UHT BAUNILHA BK 10 L X 2 UN | C26: =IFERROR(IF(INDEX(Base!$I$3:$I$980,MATCH($K26,Base!$B$3:$B$980,0))="","",INDEX(Base!$I$3:$I$980,MATCH($K26,Base!$B$3:$B$980,0))),"sem fornecedor") -> POLENGHI2 | D26: =INDEX(Base!$E$3:$E$980,MATCH($K26,Base!$B$3:$B$980,0)) -> 241000000044 | E26: =IFERROR(INDEX(Base!$K$3:$K$980,MATCH($K26,Base!$B$3:$B$980,0)),"sem estoque") -> 1329 | F26: =INDEX(Base!$L$3:$L$980,MATCH($K26,Base!$B$3:$B$980,0)) -> 187.14126 | G26: =INDEX(Base!$M$3:$M$980,MATCH($K26,Base!$B$3:$B$980,0)) -> 7.1015874 | H26: =INDEX(Base!$N$3:$N$980,MATCH($K26,Base!$B$3:$B$980,0)) -> 16.5 | I26: =INDEX(Base!$O$3:$O$980,MATCH($K26,Base!$B$3:$B$980,0)) -> 7.1015874 | K26: 241000000044Ara
B27: =INDEX(Base!$H$3:$H$980,MATCH($K27,Base!$B$3:$B$980,0)) -> QUEIJO CHEDDAR CLEAN NAC BK CX 17,66 KG | C27: =IFERROR(IF(INDEX(Base!$I$3:$I$980,MATCH($K27,Base!$B$3:$B$980,0))="","",INDEX(Base!$I$3:$I$980,MATCH($K27,Base!$B$3:$B$980,0))),"sem fornecedor") -> POLENGHI I | D27: =INDEX(Base!$E$3:$E$980,MATCH($K27,Base!$B$3:$B$980,0)) -> 201010000628 | E27: =IFERROR(INDEX(Base!$K$3:$K$980,MATCH($K27,Base!$B$3:$B$980,0)),"sem estoque") -> 1627 | F27: =INDEX(Base!$L$3:$L$980,MATCH($K27,Base!$B$3:$B$980,0)) -> 113.65785 | G27: =INDEX(Base!$M$3:$M$980,MATCH($K27,Base!$B$3:$B$980,0)) -> 14.314894 | H27: =INDEX(Base!$N$3:$N$980,MATCH($K27,Base!$B$3:$B$980,0)) -> 16.909982 | I27: =INDEX(Base!$O$3:$O$980,MATCH($K27,Base!$B$3:$B$980,0)) -> 14.314894 | K27: 201010000628Ara
B28: =INDEX(Base!$H$3:$H$980,MATCH($K28,Base!$B$3:$B$980,0)) -> BEBIDA LACTEA DOCE DE LEITE UHT BK CX10X2UN | C28: =IFERROR(IF(INDEX(Base!$I$3:$I$980,MATCH($K28,Base!$B$3:$B$980,0))="","",INDEX(Base!$I$3:$I$980,MATCH($K28,Base!$B$3:$B$980,0))),"sem fornecedor") -> POLENGHI2 | D28: =INDEX(Base!$E$3:$E$980,MATCH($K28,Base!$B$3:$B$980,0)) -> 201010000527 | E28: =IFERROR(INDEX(Base!$K$3:$K$980,MATCH($K28,Base!$B$3:$B$980,0)),"sem estoque") -> 195 | F28: =INDEX(Base!$L$3:$L$980,MATCH($K28,Base!$B$3:$B$980,0)) -> 28.005264 | G28: =INDEX(Base!$M$3:$M$980,MATCH($K28,Base!$B$3:$B$980,0)) -> 6.9629767 | H28: =INDEX(Base!$N$3:$N$980,MATCH($K28,Base!$B$3:$B$980,0)) -> 18.887309 | I28: =INDEX(Base!$O$3:$O$980,MATCH($K28,Base!$B$3:$B$980,0)) -> 6.9629767 | K28: 201010000527Ara
B29: =INDEX(Base!$H$3:$H$980,MATCH($K29,Base!$B$3:$B$980,0)) -> MOLHO CHEDDAR BNG 2KGX8UN | C29: =IFERROR(IF(INDEX(Base!$I$3:$I$980,MATCH($K29,Base!$B$3:$B$980,0))="","",INDEX(Base!$I$3:$I$980,MATCH($K29,Base!$B$3:$B$980,0))),"sem fornecedor") -> POLENGHI | D29: =INDEX(Base!$E$3:$E$980,MATCH($K29,Base!$B$3:$B$980,0)) -> 201010006004 | E29: =IFERROR(INDEX(Base!$K$3:$K$980,MATCH($K29,Base!$B$3:$B$980,0)),"sem estoque") -> 315 | F29: =INDEX(Base!$L$3:$L$980,MATCH($K29,Base!$B$3:$B$980,0)) -> 28.696431 | G29: =INDEX(Base!$M$3:$M$980,MATCH($K29,Base!$B$3:$B$980,0)) -> 10.976975 | H29: =INDEX(Base!$N$3:$N$980,MATCH($K29,Base!$B$3:$B$980,0)) -> 19.862476 | I29: =INDEX(Base!$O$3:$O$980,MATCH($K29,Base!$B$3:$B$980,0)) -> 10.976975 | K29: 201010006004Ara
B30: MOLHOS | E30: =SUMIFS(Base!$K$3:$K$980,Base!$J$3:$J$980,"Ara",Base!$G$3:$G$980,$B30,Base!$K$3:$K$980,"<>#N/A") -> 8861 | F30: =SUMIFS(Base!$L$3:$L$980,Base!$J$3:$J$980,"Ara",Base!$G$3:$G$980,$B30) -> 337.75595 | G30: =IFERROR(E30/F30,0) -> 26.234919 | I30: =IFERROR(SUMIFS(Base!$P$3:$P$980,Base!$J$3:$J$980,"Ara",Base!$G$3:$G$980,$B30)/F30,0) -> 19.063392 | J30: =1+SUMPRODUCT(($K$6:$K$114="")*($I$6:$I$114<I30)) -> 8
B31: =INDEX(Base!$H$3:$H$980,MATCH($K31,Base!$B$3:$B$980,0)) -> MAIONESE BAG CX6X3KG | C31: =IFERROR(IF(INDEX(Base!$I$3:$I$980,MATCH($K31,Base!$B$3:$B$980,0))="","",INDEX(Base!$I$3:$I$980,MATCH($K31,Base!$B$3:$B$980,0))),"sem fornecedor") -> KERRY | D31: =INDEX(Base!$E$3:$E$980,MATCH($K31,Base!$B$3:$B$980,0)) -> 201010000317 | E31: =IFERROR(INDEX(Base!$K$3:$K$980,MATCH($K31,Base!$B$3:$B$980,0)),"sem estoque") -> 1242 | F31: =INDEX(Base!$L$3:$L$980,MATCH($K31,Base!$B$3:$B$980,0)) -> 73.593445 | G31: =INDEX(Base!$M$3:$M$980,MATCH($K31,Base!$B$3:$B$980,0)) -> 16.876503 | H31: =INDEX(Base!$N$3:$N$980,MATCH($K31,Base!$B$3:$B$980,0)) -> 15.966371 | I31: =INDEX(Base!$O$3:$O$980,MATCH($K31,Base!$B$3:$B$980,0)) -> 15.966371 | K31: 201010000317Ara
B32: =INDEX(Base!$H$3:$H$980,MATCH($K32,Base!$B$3:$B$980,0)) -> SACHE KETCHUP BK HEINZ CX 1500X7GR | C32: =IFERROR(IF(INDEX(Base!$I$3:$I$980,MATCH($K32,Base!$B$3:$B$980,0))="","",INDEX(Base!$I$3:$I$980,MATCH($K32,Base!$B$3:$B$980,0))),"sem fornecedor") -> HEINZ | D32: =INDEX(Base!$E$3:$E$980,MATCH($K32,Base!$B$3:$B$980,0)) -> 201010000417 | E32: =IFERROR(INDEX(Base!$K$3:$K$980,MATCH($K32,Base!$B$3:$B$980,0)),"sem estoque") -> 1554 | F32: =INDEX(Base!$L$3:$L$980,MATCH($K32,Base!$B$3:$B$980,0)) -> 45.805605 | G32: =INDEX(Base!$M$3:$M$980,MATCH($K32,Base!$B$3:$B$980,0)) -> 33.925979 | H32: =INDEX(Base!$N$3:$N$980,MATCH($K32,Base!$B$3:$B$980,0)) -> 15.800198 | I32: =INDEX(Base!$O$3:$O$980,MATCH($K32,Base!$B$3:$B$980,0)) -> 15.800198 | K32: 201010000417Ara
B33: =INDEX(Base!$H$3:$H$980,MATCH($K33,Base!$B$3:$B$980,0)) -> MOLHO STACKER BAG CL BK CX5X1,1KG | C33: =IFERROR(IF(INDEX(Base!$I$3:$I$980,MATCH($K33,Base!$B$3:$B$980,0))="","",INDEX(Base!$I$3:$I$980,MATCH($K33,Base!$B$3:$B$980,0))),"sem fornecedor") -> KERRY | D33: =INDEX(Base!$E$3:$E$980,MATCH($K33,Base!$B$3:$B$980,0)) -> 201010000482 | E33: =IFERROR(INDEX(Base!$K$3:$K$980,MATCH($K33,Base!$B$3:$B$980,0)),"sem estoque") -> 1552 | F33: =INDEX(Base!$L$3:$L$980,MATCH($K33,Base!$B$3:$B$980,0)) -> 71.266771 | G33: =INDEX(Base!$M$3:$M$980,MATCH($K33,Base!$B$3:$B$980,0)) -> 21.77733 | H33: =INDEX(Base!$N$3:$N$980,MATCH($K33,Base!$B$3:$B$980,0)) -> 17.982677 | I33: =INDEX(Base!$O$3:$O$980,MATCH($K33,Base!$B$3:$B$980,0)) -> 17.982677 | K33: 201010000482Ara
B34: =INDEX(Base!$H$3:$H$980,MATCH($K34,Base!$B$3:$B$980,0)) -> MOLHO BARBECUE BAG MP BK CX COM 5,5 KG | C34: =IFERROR(IF(INDEX(Base!$I$3:$I$980,MATCH($K34,Base!$B$3:$B$980,0))="","",INDEX(Base!$I$3:$I$980,MATCH($K34,Base!$B$3:$B$980,0))),"sem fornecedor") -> MECANOPACK | D34: =INDEX(Base!$E$3:$E$980,MATCH($K34,Base!$B$3:$B$980,0)) -> 201010000322 | E34: =IFERROR(INDEX(Base!$K$3:$K$980,MATCH($K34,Base!$B$3:$B$980,0)),"sem estoque") -> 764 | F34: =INDEX(Base!$L$3:$L$980,MATCH($K34,Base!$B$3:$B$980,0)) -> 46.298886 | G34: =INDEX(Base!$M$3:$M$980,MATCH($K34,Base!$B$3:$B$980,0)) -> 16.501477 | H34: =INDEX(Base!$N$3:$N$980,MATCH($K34,Base!$B$3:$B$980,0)) -> 25 | I34: =INDEX(Base!$O$3:$O$980,MATCH($K34,Base!$B$3:$B$980,0)) -> 16.501477 | K34: 201010000322Ara
B35: =INDEX(Base!$H$3:$H$980,MATCH($K35,Base!$B$3:$B$980,0)) -> MAIONESE GRANEL SABOR BACON CX5,5KG | C35: =IFERROR(IF(INDEX(Base!$I$3:$I$980,MATCH($K35,Base!$B$3:$B$980,0))="","",INDEX(Base!$I$3:$I$980,MATCH($K35,Base!$B$3:$B$980,0))),"sem fornecedor") -> KERRY | D35: =INDEX(Base!$E$3:$E$980,MATCH($K35,Base!$B$3:$B$980,0)) -> 201010000406 | E35: =IFERROR(INDEX(Base!$K$3:$K$980,MATCH($K35,Base!$B$3:$B$980,0)),"sem estoque") -> 1214 | F35: =INDEX(Base!$L$3:$L$980,MATCH($K35,Base!$B$3:$B$980,0)) -> 26.497757 | G35: =INDEX(Base!$M$3:$M$980,MATCH($K35,Base!$B$3:$B$980,0)) -> 45.815199 | H35: =INDEX(Base!$N$3:$N$980,MATCH($K35,Base!$B$3:$B$980,0)) -> 36 | I35: =INDEX(Base!$O$3:$O$980,MATCH($K35,Base!$B$3:$B$980,0)) -> 36 | K35: 201010000406Ara
B36: =INDEX(Base!$H$3:$H$980,MATCH($K36,Base!$B$3:$B$980,0)) -> KETCHUP A GRANEL BK HEINZ CX 8X2KG | C36: =IFERROR(IF(INDEX(Base!$I$3:$I$980,MATCH($K36,Base!$B$3:$B$980,0))="","",INDEX(Base!$I$3:$I$980,MATCH($K36,Base!$B$3:$B$980,0))),"sem fornecedor") -> HEINZ | D36: =INDEX(Base!$E$3:$E$980,MATCH($K36,Base!$B$3:$B$980,0)) -> 201010000567 | E36: =IFERROR(INDEX(Base!$K$3:$K$980,MATCH($K36,Base!$B$3:$B$980,0)),"sem estoque") -> 763 | F36: =INDEX(Base!$L$3:$L$980,MATCH($K36,Base!$B$3:$B$980,0)) -> 21.036583 | G36: =INDEX(Base!$M$3:$M$980,MATCH($K36,Base!$B$3:$B$980,0)) -> 36.27015 | H36: =INDEX(Base!$N$3:$N$980,MATCH($K36,Base!$B$3:$B$980,0)) -> 21.631544 | I36: =INDEX(Base!$O$3:$O$980,MATCH($K36,Base!$B$3:$B$980,0)) -> 21.631544 | K36: 201010000567Ara
B37: =INDEX(Base!$H$3:$H$980,MATCH($K37,Base!$B$3:$B$980,0)) -> MOSTARDA HEINZ BK SACHE 2304 5G | C37: =IFERROR(IF(INDEX(Base!$I$3:$I$980,MATCH($K37,Base!$B$3:$B$980,0))="","",INDEX(Base!$I$3:$I$980,MATCH($K37,Base!$B$3:$B$980,0))),"sem fornecedor") -> HEINZ | D37: =INDEX(Base!$E$3:$E$980,MATCH($K37,Base!$B$3:$B$980,0)) -> 201010000616 | E37: =IFERROR(INDEX(Base!$K$3:$K$980,MATCH($K37,Base!$B$3:$B$980,0)),"sem estoque") -> 452 | F37: =INDEX(Base!$L$3:$L$980,MATCH($K37,Base!$B$3:$B$980,0)) -> 14.164926 | G37: =INDEX(Base!$M$3:$M$980,MATCH($K37,Base!$B$3:$B$980,0)) -> 31.909804 | H37: =INDEX(Base!$N$3:$N$980,MATCH($K37,Base!$B$3:$B$980,0)) -> 17.795143 | I37: =INDEX(Base!$O$3:$O$980,MATCH($K37,Base!$B$3:$B$980,0)) -> 17.795143 | K37: 201010000616Ara
B38: =INDEX(Base!$H$3:$H$980,MATCH($K38,Base!$B$3:$B$980,0)) -> MOLHO FURIOSO NCM BK 5.5KG CLEAN | C38: =IFERROR(IF(INDEX(Base!$I$3:$I$980,MATCH($K38,Base!$B$3:$B$980,0))="","",INDEX(Base!$I$3:$I$980,MATCH($K38,Base!$B$3:$B$980,0))),"sem fornecedor") -> KERRY | D38: =INDEX(Base!$E$3:$E$980,MATCH($K38,Base!$B$3:$B$980,0)) -> 201010000324 | E38: =IFERROR(INDEX(Base!$K$3:$K$980,MATCH($K38,Base!$B$3:$B$980,0)),"sem estoque") -> 631 | F38: =INDEX(Base!$L$3:$L$980,MATCH($K38,Base!$B$3:$B$980,0)) -> 14.643601 | G38: =INDEX(Base!$M$3:$M$980,MATCH($K38,Base!$B$3:$B$980,0)) -> 43.090493 | H38: =INDEX(Base!$N$3:$N$980,MATCH($K38,Base!$B$3:$B$980,0)) -> 26.544872 | I38: =INDEX(Base!$O$3:$O$980,MATCH($K38,Base!$B$3:$B$980,0)) -> 26.544872 | K38: 201010000324Ara
B39: =INDEX(Base!$H$3:$H$980,MATCH($K39,Base!$B$3:$B$980,0)) -> MAIONESE SACHET SABOR BACON CX C/304 UND | C39: =IFERROR(IF(INDEX(Base!$I$3:$I$980,MATCH($K39,Base!$B$3:$B$980,0))="","",INDEX(Base!$I$3:$I$980,MATCH($K39,Base!$B$3:$B$980,0))),"sem fornecedor") -> KERRY | D39: =INDEX(Base!$E$3:$E$980,MATCH($K39,Base!$B$3:$B$980,0)) -> 201010000455 | E39: =IFERROR(INDEX(Base!$K$3:$K$980,MATCH($K39,Base!$B$3:$B$980,0)),"sem estoque") -> 193 | F39: =INDEX(Base!$L$3:$L$980,MATCH($K39,Base!$B$3:$B$980,0)) -> 6.2039324 | G39: =INDEX(Base!$M$3:$M$980,MATCH($K39,Base!$B$3:$B$980,0)) -> 31.109301 | H39: =INDEX(Base!$N$3:$N$980,MATCH($K39,Base!$B$3:$B$980,0)) -> 20.287958 | I39: =INDEX(Base!$O$3:$O$980,MATCH($K39,Base!$B$3:$B$980,0)) -> 20.287958 | K39: 201010000455Ara
B40: =INDEX(Base!$H$3:$H$980,MATCH($K40,Base!$B$3:$B$980,0)) -> MOLHO BARBECUE BLISTER BK MP CX COM 144 UND 28G | C40: =IFERROR(IF(INDEX(Base!$I$3:$I$980,MATCH($K40,Base!$B$3:$B$980,0))="","",INDEX(Base!$I$3:$I$980,MATCH($K40,Base!$B$3:$B$980,0))),"sem fornecedor") -> MECANOPACK | D40: =INDEX(Base!$E$3:$E$980,MATCH($K40,Base!$B$3:$B$980,0)) -> 201010000561 | E40: =IFERROR(INDEX(Base!$K$3:$K$980,MATCH($K40,Base!$B$3:$B$980,0)),"sem estoque") -> 64 | F40: =INDEX(Base!$L$3:$L$980,MATCH($K40,Base!$B$3:$B$980,0)) -> 5.0277885 | G40: =INDEX(Base!$M$3:$M$980,MATCH($K40,Base!$B$3:$B$980,0)) -> 12.729255 | H40: =INDEX(Base!$N$3:$N$980,MATCH($K40,Base!$B$3:$B$980,0)) -> 23 | I40: =INDEX(Base!$O$3:$O$980,MATCH($K40,Base!$B$3:$B$980,0)) -> 12.729255 | K40: 201010000561Ara
B41: =INDEX(Base!$H$3:$H$980,MATCH($K41,Base!$B$3:$B$980,0)) -> MOLHO FURIOSO BK NCM CX 144 BLISTER 28G UND | C41: =IFERROR(IF(INDEX(Base!$I$3:$I$980,MATCH($K41,Base!$B$3:$B$980,0))="","",INDEX(Base!$I$3:$I$980,MATCH($K41,Base!$B$3:$B$980,0))),"sem fornecedor") -> KERRY | D41: =INDEX(Base!$E$3:$E$980,MATCH($K41,Base!$B$3:$B$980,0)) -> 201010000562 | E41: =IFERROR(INDEX(Base!$K$3:$K$980,MATCH($K41,Base!$B$3:$B$980,0)),"sem estoque") -> 72 | F41: =INDEX(Base!$L$3:$L$980,MATCH($K41,Base!$B$3:$B$980,0)) -> 4.762533 | G41: =INDEX(Base!$M$3:$M$980,MATCH($K41,Base!$B$3:$B$980,0)) -> 15.118006 | H41: =INDEX(Base!$N$3:$N$980,MATCH($K41,Base!$B$3:$B$980,0)) -> 19.66118 | I41: =INDEX(Base!$O$3:$O$980,MATCH($K41,Base!$B$3:$B$980,0)) -> 15.118006 | K41: 201010000562Ara
B42: =INDEX(Base!$H$3:$H$980,MATCH($K42,Base!$B$3:$B$980,0)) -> MAIONESE VERDE SACHET CX COM 304 UND | C42: =IFERROR(IF(INDEX(Base!$I$3:$I$980,MATCH($K42,Base!$B$3:$B$980,0))="","",INDEX(Base!$I$3:$I$980,MATCH($K42,Base!$B$3:$B$980,0))),"sem fornecedor") -> KERRY | D42: =INDEX(Base!$E$3:$E$980,MATCH($K42,Base!$B$3:$B$980,0)) -> 201010000633 | E42: =IFERROR(INDEX(Base!$K$3:$K$980,MATCH($K42,Base!$B$3:$B$980,0)),"sem estoque") -> 137 | F42: =INDEX(Base!$L$3:$L$980,MATCH($K42,Base!$B$3:$B$980,0)) -> 2.5406528 | G42: =INDEX(Base!$M$3:$M$980,MATCH($K42,Base!$B$3:$B$980,0)) -> 53.92315 | H42: =INDEX(Base!$N$3:$N$980,MATCH($K42,Base!$B$3:$B$980,0)) -> 22.232323 | I42: =INDEX(Base!$O$3:$O$980,MATCH($K42,Base!$B$3:$B$980,0)) -> 22.232323 | K42: 201010000633Ara
... B44: =INDEX(Base!$H$3:$H$980,MATCH($K44,Base!$B$3:$B$980,0)) -> MOSTARDA HEINZ BK BAG 8X2KG | C44: =IFERROR(IF(INDEX(Base!$I$3:$I$980,MATCH($K44,Base!$B$3:$B$980,0))="","",INDEX(Base!$I$3:$I$980,MATCH($K44,Base!$B$3:$B$980,0))),"sem fornecedor") -> HEINZ | D44: =INDEX(Base!$E$3:$E$980,MATCH($K44,Base!$B$3:$B$980,0)) -> 201010000617 | E44: =IFERROR(INDEX(Base!$K$3:$K$980,MATCH($K44,Base!$B$3:$B$980,0)),"sem estoque") -> 108 | F44: =INDEX(Base!$L$3:$L$980,MATCH($K44,Base!$B$3:$B$980,0)) -> 2.5547871 | G44: =INDEX(Base!$M$3:$M$980,MATCH($K44,Base!$B$3:$B$980,0)) -> 42.273581 | H44: =INDEX(Base!$N$3:$N$980,MATCH($K44,Base!$B$3:$B$980,0)) -> 24.930556 | I44: =INDEX(Base!$O$3:$O$980,MATCH($K44,Base!$B$3:$B$980,0)) -> 24.930556 | K44: 201010000617Ara
B45: EMBALAGENS | E45: =SUMIFS(Base!$K$3:$K$980,Base!$J$3:$J$980,"Ara",Base!$G$3:$G$980,$B45,Base!$K$3:$K$980,"<>#N/A") -> 9551 | F45: =SUMIFS(Base!$L$3:$L$980,Base!$J$3:$J$980,"Ara",Base!$G$3:$G$980,$B45) -> 279.41978 | G45: =IFERROR(E45/F45,0) -> 34.181546 | I45: =IFERROR(SUMIFS(Base!$P$3:$P$980,Base!$J$3:$J$980,"Ara",Base!$G$3:$G$980,$B45)/F45,0) -> 16.249838 | J45: =1+SUMPRODUCT(($K$6:$K$114="")*($I$6:$I$114<I45)) -> 6
B46: =INDEX(Base!$H$3:$H$980,MATCH($K46,Base!$B$3:$B$980,0)) -> COPO REFRIG.PP BK 440ML CX 900 UND | C46: =IFERROR(IF(INDEX(Base!$I$3:$I$980,MATCH($K46,Base!$B$3:$B$980,0))="","",INDEX(Base!$I$3:$I$980,MATCH($K46,Base!$B$3:$B$980,0))),"sem fornecedor") -> BO PACK | D46: =INDEX(Base!$E$3:$E$980,MATCH($K46,Base!$B$3:$B$980,0)) -> 201030000119 | E46: =IFERROR(INDEX(Base!$K$3:$K$980,MATCH($K46,Base!$B$3:$B$980,0)),"sem estoque") -> 1243 | F46: =INDEX(Base!$L$3:$L$980,MATCH($K46,Base!$B$3:$B$980,0)) -> 4.5797151 | G46: =INDEX(Base!$M$3:$M$980,MATCH($K46,Base!$B$3:$B$980,0)) -> 271.41427 | H46: =INDEX(Base!$N$3:$N$980,MATCH($K46,Base!$B$3:$B$980,0)) -> 18.304297 | I46: =INDEX(Base!$O$3:$O$980,MATCH($K46,Base!$B$3:$B$980,0)) -> 18.304297 | K46: 201030000119Ara
B47: =INDEX(Base!$H$3:$H$980,MATCH($K47,Base!$B$3:$B$980,0)) -> ETIQ LACRE DE SEGURANCA BKC 79,94X39,93MM | C47: =IFERROR(IF(INDEX(Base!$I$3:$I$980,MATCH($K47,Base!$B$3:$B$980,0))="","",INDEX(Base!$I$3:$I$980,MATCH($K47,Base!$B$3:$B$980,0))),"sem fornecedor") -> ALL4LABELS | D47: =INDEX(Base!$E$3:$E$980,MATCH($K47,Base!$B$3:$B$980,0)) -> 201030000468 | E47: =IFERROR(INDEX(Base!$K$3:$K$980,MATCH($K47,Base!$B$3:$B$980,0)),"sem estoque") -> 1099 | F47: =INDEX(Base!$L$3:$L$980,MATCH($K47,Base!$B$3:$B$980,0)) -> 5.7898059 | G47: =INDEX(Base!$M$3:$M$980,MATCH($K47,Base!$B$3:$B$980,0)) -> 189.81638 | H47: =INDEX(Base!$N$3:$N$980,MATCH($K47,Base!$B$3:$B$980,0)) -> 23 | I47: =INDEX(Base!$O$3:$O$980,MATCH($K47,Base!$B$3:$B$980,0)) -> 23 | K47: 201030000468Ara
B48: =INDEX(Base!$H$3:$H$980,MATCH($K48,Base!$B$3:$B$980,0)) -> SACOLA P/ VIAGEM PCT 500 UN | C48: =IFERROR(IF(INDEX(Base!$I$3:$I$980,MATCH($K48,Base!$B$3:$B$980,0))="","",INDEX(Base!$I$3:$I$980,MATCH($K48,Base!$B$3:$B$980,0))),"sem fornecedor") -> C. CLARO | D48: =INDEX(Base!$E$3:$E$980,MATCH($K48,Base!$B$3:$B$980,0)) -> 201030000215 | E48: =IFERROR(INDEX(Base!$K$3:$K$980,MATCH($K48,Base!$B$3:$B$980,0)),"sem estoque") -> 448 | F48: =INDEX(Base!$L$3:$L$980,MATCH($K48,Base!$B$3:$B$980,0)) -> 21.25707 | G48: =INDEX(Base!$M$3:$M$980,MATCH($K48,Base!$B$3:$B$980,0)) -> 21.075341 | H48: =INDEX(Base!$N$3:$N$980,MATCH($K48,Base!$B$3:$B$980,0)) -> 21.745714 | I48: =INDEX(Base!$O$3:$O$980,MATCH($K48,Base!$B$3:$B$980,0)) -> 21.075341 | K48: 201030000215Ara
B49: =INDEX(Base!$H$3:$H$980,MATCH($K49,Base!$B$3:$B$980,0)) -> SACO VIAGEM 12 LIBRAS PCT 1000 UN | C49: =IFERROR(IF(INDEX(Base!$I$3:$I$980,MATCH($K49,Base!$B$3:$B$980,0))="","",INDEX(Base!$I$3:$I$980,MATCH($K49,Base!$B$3:$B$980,0))),"sem fornecedor") -> C. CLARO | D49: =INDEX(Base!$E$3:$E$980,MATCH($K49,Base!$B$3:$B$980,0)) -> 201030000214 | E49: =IFERROR(INDEX(Base!$K$3:$K$980,MATCH($K49,Base!$B$3:$B$980,0)),"sem estoque") -> -4 | F49: =INDEX(Base!$L$3:$L$980,MATCH($K49,Base!$B$3:$B$980,0)) -> 18.016831 | G49: =INDEX(Base!$M$3:$M$980,MATCH($K49,Base!$B$3:$B$980,0)) -> -0.22201463 | H49: =INDEX(Base!$N$3:$N$980,MATCH($K49,Base!$B$3:$B$980,0)) -> 16.298448 | I49: =INDEX(Base!$O$3:$O$980,MATCH($K49,Base!$B$3:$B$980,0)) -> -0.22201463 | K49: 201030000214Ara
B50: =INDEX(Base!$H$3:$H$980,MATCH($K50,Base!$B$3:$B$980,0)) -> CARTONAGEM BATATA MEDIA NOVA BK CX 1600 UND | C50: =IFERROR(IF(INDEX(Base!$I$3:$I$980,MATCH($K50,Base!$B$3:$B$980,0))="","",INDEX(Base!$I$3:$I$980,MATCH($K50,Base!$B$3:$B$980,0))),"sem fornecedor") -> INNOVAPACK | D50: =INDEX(Base!$E$3:$E$980,MATCH($K50,Base!$B$3:$B$980,0)) -> 201030000413 | E50: =IFERROR(INDEX(Base!$K$3:$K$980,MATCH($K50,Base!$B$3:$B$980,0)),"sem estoque") -> 270 | F50: =INDEX(Base!$L$3:$L$980,MATCH($K50,Base!$B$3:$B$980,0)) -> 12.723218 | G50: =INDEX(Base!$M$3:$M$980,MATCH($K50,Base!$B$3:$B$980,0)) -> 21.221046 | H50: =INDEX(Base!$N$3:$N$980,MATCH($K50,Base!$B$3:$B$980,0)) -> 25.995406 | I50: =INDEX(Base!$O$3:$O$980,MATCH($K50,Base!$B$3:$B$980,0)) -> 21.221046 | K50: 201030000413Ara
B51: =INDEX(Base!$H$3:$H$980,MATCH($K51,Base!$B$3:$B$980,0)) -> GUARDANAPO INTERFOLHADO BK CX 5400 UM | C51: =IFERROR(IF(INDEX(Base!$I$3:$I$980,MATCH($K51,Base!$B$3:$B$980,0))="","",INDEX(Base!$I$3:$I$980,MATCH($K51,Base!$B$3:$B$980,0))),"sem fornecedor") -> MELHORA 1 | D51: =INDEX(Base!$E$3:$E$980,MATCH($K51,Base!$B$3:$B$980,0)) -> 201030000356 | E51: =IFERROR(INDEX(Base!$K$3:$K$980,MATCH($K51,Base!$B$3:$B$980,0)),"sem estoque") -> 372 | F51: =INDEX(Base!$L$3:$L$980,MATCH($K51,Base!$B$3:$B$980,0)) -> 11.950867 | G51: =INDEX(Base!$M$3:$M$980,MATCH($K51,Base!$B$3:$B$980,0)) -> 31.127448 | H51: =INDEX(Base!$N$3:$N$980,MATCH($K51,Base!$B$3:$B$980,0)) -> 25.00979 | I51: =INDEX(Base!$O$3:$O$980,MATCH($K51,Base!$B$3:$B$980,0)) -> 25.00979 | K51: 201030000356Ara
B52: =INDEX(Base!$H$3:$H$980,MATCH($K52,Base!$B$3:$B$980,0)) -> SACO VIAGEM 6 LIBRAS PCT 1000 UN | C52: =IFERROR(IF(INDEX(Base!$I$3:$I$980,MATCH($K52,Base!$B$3:$B$980,0))="","",INDEX(Base!$I$3:$I$980,MATCH($K52,Base!$B$3:$B$980,0))),"sem fornecedor") -> C. CLARO | D52: =INDEX(Base!$E$3:$E$980,MATCH($K52,Base!$B$3:$B$980,0)) -> 201030000213 | E52: =IFERROR(INDEX(Base!$K$3:$K$980,MATCH($K52,Base!$B$3:$B$980,0)),"sem estoque") -> 274 | F52: =INDEX(Base!$L$3:$L$980,MATCH($K52,Base!$B$3:$B$980,0)) -> 16.156294 | G52: =INDEX(Base!$M$3:$M$980,MATCH($K52,Base!$B$3:$B$980,0)) -> 16.959335 | H52: =INDEX(Base!$N$3:$N$980,MATCH($K52,Base!$B$3:$B$980,0)) -> 20.682406 | I52: =INDEX(Base!$O$3:$O$980,MATCH($K52,Base!$B$3:$B$980,0)) -> 16.959335 | K52: 201030000213Ara
B53: =INDEX(Base!$H$3:$H$980,MATCH($K53,Base!$B$3:$B$980,0)) -> LAMINA WHOPPER BK 2025 FD3000UN | C53: =IFERROR(IF(INDEX(Base!$I$3:$I$980,MATCH($K53,Base!$B$3:$B$980,0))="","",INDEX(Base!$I$3:$I$980,MATCH($K53,Base!$B$3:$B$980,0))),"sem fornecedor") -> C. CLARO | D53: =INDEX(Base!$E$3:$E$980,MATCH($K53,Base!$B$3:$B$980,0)) -> 221000000612 | E53: =IFERROR(INDEX(Base!$K$3:$K$980,MATCH($K53,Base!$B$3:$B$980,0)),"sem estoque") -> 280 | F53: =INDEX(Base!$L$3:$L$980,MATCH($K53,Base!$B$3:$B$980,0)) -> 11.333533 | G53: =INDEX(Base!$M$3:$M$980,MATCH($K53,Base!$B$3:$B$980,0)) -> 24.705447 | H53: =INDEX(Base!$N$3:$N$980,MATCH($K53,Base!$B$3:$B$980,0)) -> 19.449318 | I53: =INDEX(Base!$O$3:$O$980,MATCH($K53,Base!$B$3:$B$980,0)) -> 19.449318 | K53: 221000000612Ara
B54: =INDEX(Base!$H$3:$H$980,MATCH($K54,Base!$B$3:$B$980,0)) -> LAMINA KING JUNIOR 2025 FD3000UN | C54: =IFERROR(IF(INDEX(Base!$I$3:$I$980,MATCH($K54,Base!$B$3:$B$980,0))="","",INDEX(Base!$I$3:$I$980,MATCH($K54,Base!$B$3:$B$980,0))),"sem fornecedor") -> C. CLARO | D54: =INDEX(Base!$E$3:$E$980,MATCH($K54,Base!$B$3:$B$980,0)) -> 221000000617 | E54: =IFERROR(INDEX(Base!$K$3:$K$980,MATCH($K54,Base!$B$3:$B$980,0)),"sem estoque") -> 176 | F54: =INDEX(Base!$L$3:$L$980,MATCH($K54,Base!$B$3:$B$980,0)) -> 8.2779532 | G54: =INDEX(Base!$M$3:$M$980,MATCH($K54,Base!$B$3:$B$980,0)) -> 21.261294 | H54: =INDEX(Base!$N$3:$N$980,MATCH($K54,Base!$B$3:$B$980,0)) -> 20.705634 | I54: =INDEX(Base!$O$3:$O$980,MATCH($K54,Base!$B$3:$B$980,0)) -> 20.705634 | K54: 221000000617Ara
B55: =INDEX(Base!$H$3:$H$980,MATCH($K55,Base!$B$3:$B$980,0)) -> POTE PAPEL 900 ML BK CD CX COM 500 UND | C55: =IFERROR(IF(INDEX(Base!$I$3:$I$980,MATCH($K55,Base!$B$3:$B$980,0))="","",INDEX(Base!$I$3:$I$980,MATCH($K55,Base!$B$3:$B$980,0))),"sem fornecedor") -> BO PACK | D55: =INDEX(Base!$E$3:$E$980,MATCH($K55,Base!$B$3:$B$980,0)) -> 201030000264 | E55: =IFERROR(INDEX(Base!$K$3:$K$980,MATCH($K55,Base!$B$3:$B$980,0)),"sem estoque") -> 158 | F55: =INDEX(Base!$L$3:$L$980,MATCH($K55,Base!$B$3:$B$980,0)) -> 8.1963834 | G55: =INDEX(Base!$M$3:$M$980,MATCH($K55,Base!$B$3:$B$980,0)) -> 19.276795 | H55: =INDEX(Base!$N$3:$N$980,MATCH($K55,Base!$B$3:$B$980,0)) -> 15 | I55: =INDEX(Base!$O$3:$O$980,MATCH($K55,Base!$B$3:$B$980,0)) -> 15 | K55: 201030000264Ara
B56: =INDEX(Base!$H$3:$H$980,MATCH($K56,Base!$B$3:$B$980,0)) -> FUNDO BANDEJA INSTITUCIONAL BURGER KING CX 2000 UND | C56: =IFERROR(IF(INDEX(Base!$I$3:$I$980,MATCH($K56,Base!$B$3:$B$980,0))="","",INDEX(Base!$I$3:$I$980,MATCH($K56,Base!$B$3:$B$980,0))),"sem fornecedor") -> TRENIER | D56: =INDEX(Base!$E$3:$E$980,MATCH($K56,Base!$B$3:$B$980,0)) -> 201030000125 | E56: =IFERROR(INDEX(Base!$K$3:$K$980,MATCH($K56,Base!$B$3:$B$980,0)),"sem estoque") -> 0 | F56: =INDEX(Base!$L$3:$L$980,MATCH($K56,Base!$B$3:$B$980,0)) -> 8.8935356 | G56: =INDEX(Base!$M$3:$M$980,MATCH($K56,Base!$B$3:$B$980,0)) -> 0 | H56: =INDEX(Base!$N$3:$N$980,MATCH($K56,Base!$B$3:$B$980,0)) -> 19.215884 | I56: =INDEX(Base!$O$3:$O$980,MATCH($K56,Base!$B$3:$B$980,0)) -> 0 | K56: 201030000125Ara
B57: =INDEX(Base!$H$3:$H$980,MATCH($K57,Base!$B$3:$B$980,0)) -> COPO MIX INSTITUCIONAL 290ML BK BO PACK CX 320UN | C57: =IFERROR(IF(INDEX(Base!$I$3:$I$980,MATCH($K57,Base!$B$3:$B$980,0))="","",INDEX(Base!$I$3:$I$980,MATCH($K57,Base!$B$3:$B$980,0))),"sem fornecedor") -> BO PACK | D57: =INDEX(Base!$E$3:$E$980,MATCH($K57,Base!$B$3:$B$980,0)) -> 201030000304 | E57: =IFERROR(INDEX(Base!$K$3:$K$980,MATCH($K57,Base!$B$3:$B$980,0)),"sem estoque") -> 239 | F57: =INDEX(Base!$L$3:$L$980,MATCH($K57,Base!$B$3:$B$980,0)) -> 14.904673 | G57: =INDEX(Base!$M$3:$M$980,MATCH($K57,Base!$B$3:$B$980,0)) -> 16.035239 | H57: =INDEX(Base!$N$3:$N$980,MATCH($K57,Base!$B$3:$B$980,0)) -> 18.835398 | I57: =INDEX(Base!$O$3:$O$980,MATCH($K57,Base!$B$3:$B$980,0)) -> 16.035239 | K57: 201030000304Ara
... B94: =INDEX(Base!$H$3:$H$980,MATCH($K94,Base!$B$3:$B$980,0)) -> CART KING JR INSTITUCIONAL CX 200 | C94: =IFERROR(IF(INDEX(Base!$I$3:$I$980,MATCH($K94,Base!$B$3:$B$980,0))="","",INDEX(Base!$I$3:$I$980,MATCH($K94,Base!$B$3:$B$980,0))),"sem fornecedor") -> INNOVAPACK | D94: =INDEX(Base!$E$3:$E$980,MATCH($K94,Base!$B$3:$B$980,0)) -> 221000000884 | E94: =IFERROR(INDEX(Base!$K$3:$K$980,MATCH($K94,Base!$B$3:$B$980,0)),"sem estoque") -> 65 | F94: =INDEX(Base!$L$3:$L$980,MATCH($K94,Base!$B$3:$B$980,0)) -> 3.2100806 | G94: =INDEX(Base!$M$3:$M$980,MATCH($K94,Base!$B$3:$B$980,0)) -> 20.248712 | H94: =INDEX(Base!$N$3:$N$980,MATCH($K94,Base!$B$3:$B$980,0)) -> 20 | I94: =INDEX(Base!$O$3:$O$980,MATCH($K94,Base!$B$3:$B$980,0)) -> 20 | K94: 221000000884Ara
B95: SOBREMESAS | E95: =SUMIFS(Base!$K$3:$K$980,Base!$J$3:$J$980,"Ara",Base!$G$3:$G$980,$B95,Base!$K$3:$K$980,"<>#N/A") -> 2139 | F95: =SUMIFS(Base!$L$3:$L$980,Base!$J$3:$J$980,"Ara",Base!$G$3:$G$980,$B95) -> 174.91522 | G95: =IFERROR(E95/F95,0) -> 12.228781 | I95: =IFERROR(SUMIFS(Base!$P$3:$P$980,Base!$J$3:$J$980,"Ara",Base!$G$3:$G$980,$B95)/F95,0) -> 11.291437 | J95: =1+SUMPRODUCT(($K$6:$K$114="")*($I$6:$I$114<I95)) -> 4
B96: =INDEX(Base!$H$3:$H$980,MATCH($K96,Base!$B$3:$B$980,0)) -> CASQUINHA SORVETE BK - CX COM 300 UND | C96: =IFERROR(IF(INDEX(Base!$I$3:$I$980,MATCH($K96,Base!$B$3:$B$980,0))="","",INDEX(Base!$I$3:$I$980,MATCH($K96,Base!$B$3:$B$980,0))),"sem fornecedor") -> DUPON | D96: =INDEX(Base!$E$3:$E$980,MATCH($K96,Base!$B$3:$B$980,0)) -> 201010000212 | E96: =IFERROR(INDEX(Base!$K$3:$K$980,MATCH($K96,Base!$B$3:$B$980,0)),"sem estoque") -> 905 | F96: =INDEX(Base!$L$3:$L$980,MATCH($K96,Base!$B$3:$B$980,0)) -> 46.756007 | G96: =INDEX(Base!$M$3:$M$980,MATCH($K96,Base!$B$3:$B$980,0)) -> 19.355802 | H96: =INDEX(Base!$N$3:$N$980,MATCH($K96,Base!$B$3:$B$980,0)) -> 18.092827 | I96: =INDEX(Base!$O$3:$O$980,MATCH($K96,Base!$B$3:$B$980,0)) -> 18.092827 | K96: 201010000212Ara
B97: =INDEX(Base!$H$3:$H$980,MATCH($K97,Base!$B$3:$B$980,0)) -> DOCE DE LEITE BK BISNAGA 1.5KG ELEGE CX4BG | C97: =IFERROR(IF(INDEX(Base!$I$3:$I$980,MATCH($K97,Base!$B$3:$B$980,0))="","",INDEX(Base!$I$3:$I$980,MATCH($K97,Base!$B$3:$B$980,0))),"sem fornecedor") -> LACTALIS1 | D97: =INDEX(Base!$E$3:$E$980,MATCH($K97,Base!$B$3:$B$980,0)) -> 201010000577 | E97: =IFERROR(INDEX(Base!$K$3:$K$980,MATCH($K97,Base!$B$3:$B$980,0)),"sem estoque") -> 240 | F97: =INDEX(Base!$L$3:$L$980,MATCH($K97,Base!$B$3:$B$980,0)) -> 30.75493 | G97: =INDEX(Base!$M$3:$M$980,MATCH($K97,Base!$B$3:$B$980,0)) -> 7.803627 | H97: =INDEX(Base!$N$3:$N$980,MATCH($K97,Base!$B$3:$B$980,0)) -> 22.725584 | I97: =INDEX(Base!$O$3:$O$980,MATCH($K97,Base!$B$3:$B$980,0)) -> 7.803627 | K97: 201010000577Ara
B98: =INDEX(Base!$H$3:$H$980,MATCH($K98,Base!$B$3:$B$980,0)) -> BROWNIE PICADO SEM NOZES BK 1KG C/4 | C98: =IFERROR(IF(INDEX(Base!$I$3:$I$980,MATCH($K98,Base!$B$3:$B$980,0))="","",INDEX(Base!$I$3:$I$980,MATCH($K98,Base!$B$3:$B$980,0))),"sem fornecedor") -> ALIBEY | D98: =INDEX(Base!$E$3:$E$980,MATCH($K98,Base!$B$3:$B$980,0)) -> 201010000598 | E98: =IFERROR(INDEX(Base!$K$3:$K$980,MATCH($K98,Base!$B$3:$B$980,0)),"sem estoque") -> 429 | F98: =INDEX(Base!$L$3:$L$980,MATCH($K98,Base!$B$3:$B$980,0)) -> 18.675214 | G98: =INDEX(Base!$M$3:$M$980,MATCH($K98,Base!$B$3:$B$980,0)) -> 22.971625 | H98: =INDEX(Base!$N$3:$N$980,MATCH($K98,Base!$B$3:$B$980,0)) -> 17.354331 | I98: =INDEX(Base!$O$3:$O$980,MATCH($K98,Base!$B$3:$B$980,0)) -> 17.354331 | K98: 201010000598Ara
B99: =INDEX(Base!$H$3:$H$980,MATCH($K99,Base!$B$3:$B$980,0)) -> NUTELLA BK CX C/2X3KG | C99: =IFERROR(IF(INDEX(Base!$I$3:$I$980,MATCH($K99,Base!$B$3:$B$980,0))="","",INDEX(Base!$I$3:$I$980,MATCH($K99,Base!$B$3:$B$980,0))),"sem fornecedor") -> FERRERO BR | D99: =INDEX(Base!$E$3:$E$980,MATCH($K99,Base!$B$3:$B$980,0)) -> 201010000638 | E99: =IFERROR(INDEX(Base!$K$3:$K$980,MATCH($K99,Base!$B$3:$B$980,0)),"sem estoque") -> 293 | F99: =INDEX(Base!$L$3:$L$980,MATCH($K99,Base!$B$3:$B$980,0)) -> 25.099172 | G99: =INDEX(Base!$M$3:$M$980,MATCH($K99,Base!$B$3:$B$980,0)) -> 11.673692 | H99: =INDEX(Base!$N$3:$N$980,MATCH($K99,Base!$B$3:$B$980,0)) -> 19 | I99: =INDEX(Base!$O$3:$O$980,MATCH($K99,Base!$B$3:$B$980,0)) -> 11.673692 | K99: 201010000638Ara
B100: =INDEX(Base!$H$3:$H$980,MATCH($K100,Base!$B$3:$B$980,0)) -> CALDA MORANGO 6X1,25 CX C/7,5 KG | C100: =IFERROR(IF(INDEX(Base!$I$3:$I$980,MATCH($K100,Base!$B$3:$B$980,0))="","",INDEX(Base!$I$3:$I$980,MATCH($K100,Base!$B$3:$B$980,0))),"sem fornecedor") -> CELLIER | D100: =INDEX(Base!$E$3:$E$980,MATCH($K100,Base!$B$3:$B$980,0)) -> 201010000572 | E100: =IFERROR(INDEX(Base!$K$3:$K$980,MATCH($K100,Base!$B$3:$B$980,0)),"sem estoque") -> 12 | F100: =INDEX(Base!$L$3:$L$980,MATCH($K100,Base!$B$3:$B$980,0)) -> 12.716901 | G100: =INDEX(Base!$M$3:$M$980,MATCH($K100,Base!$B$3:$B$980,0)) -> 0.94362611 | H100: =INDEX(Base!$N$3:$N$980,MATCH($K100,Base!$B$3:$B$980,0)) -> 18.355623 | I100: =INDEX(Base!$O$3:$O$980,MATCH($K100,Base!$B$3:$B$980,0)) -> 0.94362611 | K100: 201010000572Ara
B101: =INDEX(Base!$H$3:$H$980,MATCH($K101,Base!$B$3:$B$980,0)) -> BROWNIE BRIGADEIRO BK CX 24X50 G | C101: =IFERROR(IF(INDEX(Base!$I$3:$I$980,MATCH($K101,Base!$B$3:$B$980,0))="","",INDEX(Base!$I$3:$I$980,MATCH($K101,Base!$B$3:$B$980,0))),"sem fornecedor") -> ALIBEY | D101: =INDEX(Base!$E$3:$E$980,MATCH($K101,Base!$B$3:$B$980,0)) -> 201010000602 | E101: =IFERROR(INDEX(Base!$K$3:$K$980,MATCH($K101,Base!$B$3:$B$980,0)),"sem estoque") -> 157 | F101: =INDEX(Base!$L$3:$L$980,MATCH($K101,Base!$B$3:$B$980,0)) -> 11.547919 | G101: =INDEX(Base!$M$3:$M$980,MATCH($K101,Base!$B$3:$B$980,0)) -> 13.595523 | H101: =INDEX(Base!$N$3:$N$980,MATCH($K101,Base!$B$3:$B$980,0)) -> 18 | I101: =INDEX(Base!$O$3:$O$980,MATCH($K101,Base!$B$3:$B$980,0)) -> 13.595523 | K101: 201010000602Ara
B102: =INDEX(Base!$H$3:$H$980,MATCH($K102,Base!$B$3:$B$980,0)) -> MISTURA MILK SHAKE BAU BK CX 13,16 | C102: =IFERROR(IF(INDEX(Base!$I$3:$I$980,MATCH($K102,Base!$B$3:$B$980,0))="","",INDEX(Base!$I$3:$I$980,MATCH($K102,Base!$B$3:$B$980,0))),"sem fornecedor") -> DOHLER 01 | D102: =INDEX(Base!$E$3:$E$980,MATCH($K102,Base!$B$3:$B$980,0)) -> 201010000632 | E102: =IFERROR(INDEX(Base!$K$3:$K$980,MATCH($K102,Base!$B$3:$B$980,0)),"sem estoque") -> 86 | F102: =INDEX(Base!$L$3:$L$980,MATCH($K102,Base!$B$3:$B$980,0)) -> 7.9956736 | G102: =INDEX(Base!$M$3:$M$980,MATCH($K102,Base!$B$3:$B$980,0)) -> 10.755817 | H102: =INDEX(Base!$N$3:$N$980,MATCH($K102,Base!$B$3:$B$980,0)) -> 16.707137 | I102: =INDEX(Base!$O$3:$O$980,MATCH($K102,Base!$B$3:$B$980,0)) -> 10.755817 | K102: 201010000632Ara
B103: =INDEX(Base!$H$3:$H$980,MATCH($K103,Base!$B$3:$B$980,0)) -> COBERTURA CHOCO BK CX 9X1,05 KG CLEAN LABEL | C103: =IFERROR(IF(INDEX(Base!$I$3:$I$980,MATCH($K103,Base!$B$3:$B$980,0))="","",INDEX(Base!$I$3:$I$980,MATCH($K103,Base!$B$3:$B$980,0))),"sem fornecedor") -> CARINO | D103: =INDEX(Base!$E$3:$E$980,MATCH($K103,Base!$B$3:$B$980,0)) -> 201010000432 | E103: =IFERROR(INDEX(Base!$K$3:$K$980,MATCH($K103,Base!$B$3:$B$980,0)),"sem estoque") -> -25 | F103: =INDEX(Base!$L$3:$L$980,MATCH($K103,Base!$B$3:$B$980,0)) -> 10.957855 | G103: =INDEX(Base!$M$3:$M$980,MATCH($K103,Base!$B$3:$B$980,0)) -> -2.2814684 | H103: =INDEX(Base!$N$3:$N$980,MATCH($K103,Base!$B$3:$B$980,0)) -> 21 | I103: =INDEX(Base!$O$3:$O$980,MATCH($K103,Base!$B$3:$B$980,0)) -> -2.2814684 | K103: 201010000432Ara
B104: =INDEX(Base!$H$3:$H$980,MATCH($K104,Base!$B$3:$B$980,0)) -> OVOMALTINE FLOCOS CX 12X750GR | C104: =IFERROR(IF(INDEX(Base!$I$3:$I$980,MATCH($K104,Base!$B$3:$B$980,0))="","",INDEX(Base!$I$3:$I$980,MATCH($K104,Base!$B$3:$B$980,0))),"sem fornecedor") -> AB BRASIL | D104: =INDEX(Base!$E$3:$E$980,MATCH($K104,Base!$B$3:$B$980,0)) -> 201010000507 | E104: =IFERROR(INDEX(Base!$K$3:$K$980,MATCH($K104,Base!$B$3:$B$980,0)),"sem estoque") -> 0 | F104: =INDEX(Base!$L$3:$L$980,MATCH($K104,Base!$B$3:$B$980,0)) -> 6.9382796 | G104: =INDEX(Base!$M$3:$M$980,MATCH($K104,Base!$B$3:$B$980,0)) -> 0 | H104: =INDEX(Base!$N$3:$N$980,MATCH($K104,Base!$B$3:$B$980,0)) -> 19 | I104: =INDEX(Base!$O$3:$O$980,MATCH($K104,Base!$B$3:$B$980,0)) -> 0 | K104: 201010000507Ara
B105: =INDEX(Base!$H$3:$H$980,MATCH($K105,Base!$B$3:$B$980,0)) -> COOKIE GRANULADO BAUNI CL CX5X1KG | C105: =IFERROR(IF(INDEX(Base!$I$3:$I$980,MATCH($K105,Base!$B$3:$B$980,0))="","",INDEX(Base!$I$3:$I$980,MATCH($K105,Base!$B$3:$B$980,0))),"sem fornecedor") -> CARINO | D105: =INDEX(Base!$E$3:$E$980,MATCH($K105,Base!$B$3:$B$980,0)) -> 201010000506 | E105: =IFERROR(INDEX(Base!$K$3:$K$980,MATCH($K105,Base!$B$3:$B$980,0)),"sem estoque") -> 42 | F105: =INDEX(Base!$L$3:$L$980,MATCH($K105,Base!$B$3:$B$980,0)) -> 3.4732728 | G105: =INDEX(Base!$M$3:$M$980,MATCH($K105,Base!$B$3:$B$980,0)) -> 12.092341 | H105: =INDEX(Base!$N$3:$N$980,MATCH($K105,Base!$B$3:$B$980,0)) -> 18 | I105: =INDEX(Base!$O$3:$O$980,MATCH($K105,Base!$B$3:$B$980,0)) -> 12.092341 | K105: 201010000506Ara
B106: CONDIMENTOS | E106: =SUMIFS(Base!$K$3:$K$980,Base!$J$3:$J$980,"Ara",Base!$G$3:$G$980,$B106,Base!$K$3:$K$980,"<>#N/A") -> 1650 | F106: =SUMIFS(Base!$L$3:$L$980,Base!$J$3:$J$980,"Ara",Base!$G$3:$G$980,$B106) -> 69.085596 | G106: =IFERROR(E106/F106,0) -> 23.883416 | I106: =IFERROR(SUMIFS(Base!$P$3:$P$980,Base!$J$3:$J$980,"Ara",Base!$G$3:$G$980,$B106)/F106,0) -> 17.780974 | J106: =1+SUMPRODUCT(($K$6:$K$114="")*($I$6:$I$114<I106)) -> 7
B107: =INDEX(Base!$H$3:$H$980,MATCH($K107,Base!$B$3:$B$980,0)) -> OLEO ESPECIAL SUPREMA BK CX 18KG | C107: =IFERROR(IF(INDEX(Base!$I$3:$I$980,MATCH($K107,Base!$B$3:$B$980,0))="","",INDEX(Base!$I$3:$I$980,MATCH($K107,Base!$B$3:$B$980,0))),"sem fornecedor") -> BUNGE | D107: =INDEX(Base!$E$3:$E$980,MATCH($K107,Base!$B$3:$B$980,0)) -> 201010000387 | E107: =IFERROR(INDEX(Base!$K$3:$K$980,MATCH($K107,Base!$B$3:$B$980,0)),"sem estoque") -> 1069 | F107: =INDEX(Base!$L$3:$L$980,MATCH($K107,Base!$B$3:$B$980,0)) -> 54.216573 | G107: =INDEX(Base!$M$3:$M$980,MATCH($K107,Base!$B$3:$B$980,0)) -> 19.717218 | H107: =INDEX(Base!$N$3:$N$980,MATCH($K107,Base!$B$3:$B$980,0)) -> 18.036325 | I107: =INDEX(Base!$O$3:$O$980,MATCH($K107,Base!$B$3:$B$980,0)) -> 18.036325 | K107: 201010000387Ara
B108: =INDEX(Base!$H$3:$H$980,MATCH($K108,Base!$B$3:$B$980,0)) -> CEBOLA FRITA CRISPY BENASSI 10X500 GR | C108: =IFERROR(IF(INDEX(Base!$I$3:$I$980,MATCH($K108,Base!$B$3:$B$980,0))="","",INDEX(Base!$I$3:$I$980,MATCH($K108,Base!$B$3:$B$980,0))),"sem fornecedor") -> BENASSI AN | D108: =INDEX(Base!$E$3:$E$980,MATCH($K108,Base!$B$3:$B$980,0)) -> 201010000625 | E108: =IFERROR(INDEX(Base!$K$3:$K$980,MATCH($K108,Base!$B$3:$B$980,0)),"sem estoque") -> 78 | F108: =INDEX(Base!$L$3:$L$980,MATCH($K108,Base!$B$3:$B$980,0)) -> 4.1858918 | G108: =INDEX(Base!$M$3:$M$980,MATCH($K108,Base!$B$3:$B$980,0)) -> 18.634022 | H108: =INDEX(Base!$N$3:$N$980,MATCH($K108,Base!$B$3:$B$980,0)) -> 23.901879 | I108: =INDEX(Base!$O$3:$O$980,MATCH($K108,Base!$B$3:$B$980,0)) -> 18.634022 | K108: 201010000625Ara
B109: =INDEX(Base!$H$3:$H$980,MATCH($K109,Base!$B$3:$B$980,0)) -> TEMPERO SAL E PIMENTA BK BLEND 1,01KG | C109: =IFERROR(IF(INDEX(Base!$I$3:$I$980,MATCH($K109,Base!$B$3:$B$980,0))="","",INDEX(Base!$I$3:$I$980,MATCH($K109,Base!$B$3:$B$980,0))),"sem fornecedor") -> KERRY4 | D109: =INDEX(Base!$E$3:$E$980,MATCH($K109,Base!$B$3:$B$980,0)) -> 221000000855 | E109: =IFERROR(INDEX(Base!$K$3:$K$980,MATCH($K109,Base!$B$3:$B$980,0)),"sem estoque") -> 93 | F109: =INDEX(Base!$L$3:$L$980,MATCH($K109,Base!$B$3:$B$980,0)) -> 4.8880912 | G109: =INDEX(Base!$M$3:$M$980,MATCH($K109,Base!$B$3:$B$980,0)) -> 19.025832 | H109: =INDEX(Base!$N$3:$N$980,MATCH($K109,Base!$B$3:$B$980,0)) -> 15 | I109: =INDEX(Base!$O$3:$O$980,MATCH($K109,Base!$B$3:$B$980,0)) -> 15 | K109: 221000000855Ara
B110: =INDEX(Base!$H$3:$H$980,MATCH($K110,Base!$B$3:$B$980,0)) -> SAL BK 0,5KG X 20FD | C110: =IFERROR(IF(INDEX(Base!$I$3:$I$980,MATCH($K110,Base!$B$3:$B$980,0))="","",INDEX(Base!$I$3:$I$980,MATCH($K110,Base!$B$3:$B$980,0))),"sem fornecedor") -> KERRY | D110: =INDEX(Base!$E$3:$E$980,MATCH($K110,Base!$B$3:$B$980,0)) -> 201010000336 | E110: =IFERROR(INDEX(Base!$K$3:$K$980,MATCH($K110,Base!$B$3:$B$980,0)),"sem estoque") -> 356 | F110: =INDEX(Base!$L$3:$L$980,MATCH($K110,Base!$B$3:$B$980,0)) -> 5.1530242 | G110: =INDEX(Base!$M$3:$M$980,MATCH($K110,Base!$B$3:$B$980,0)) -> 69.085645 | H110: =INDEX(Base!$N$3:$N$980,MATCH($K110,Base!$B$3:$B$980,0)) -> 16.428958 | I110: =INDEX(Base!$O$3:$O$980,MATCH($K110,Base!$B$3:$B$980,0)) -> 16.428958 | K110: 201010000336Ara
B111: =INDEX(Base!$H$3:$H$980,MATCH($K111,Base!$B$3:$B$980,0)) -> SAL REFINADO SACHE JR CX2500UN 0,8G | C111: =IFERROR(IF(INDEX(Base!$I$3:$I$980,MATCH($K111,Base!$B$3:$B$980,0))="","",INDEX(Base!$I$3:$I$980,MATCH($K111,Base!$B$3:$B$980,0))),"sem fornecedor") -> KERRY | D111: =INDEX(Base!$E$3:$E$980,MATCH($K111,Base!$B$3:$B$980,0)) -> 201010000591 | E111: =IFERROR(INDEX(Base!$K$3:$K$980,MATCH($K111,Base!$B$3:$B$980,0)),"sem estoque") -> 54 | F111: =INDEX(Base!$L$3:$L$980,MATCH($K111,Base!$B$3:$B$980,0)) -> 0.64201613 | G111: =INDEX(Base!$M$3:$M$980,MATCH($K111,Base!$B$3:$B$980,0)) -> 84.110036 | H111: =INDEX(Base!$N$3:$N$980,MATCH($K111,Base!$B$3:$B$980,0)) -> 22.680556 | I111: =INDEX(Base!$O$3:$O$980,MATCH($K111,Base!$B$3:$B$980,0)) -> 22.680556 | K111: 201010000591Ara
B112: HORTIFRUTI | E112: =SUMIFS(Base!$K$3:$K$980,Base!$J$3:$J$980,"Ara",Base!$G$3:$G$980,$B112,Base!$K$3:$K$980,"<>#N/A") -> 600 | F112: =SUMIFS(Base!$L$3:$L$980,Base!$J$3:$J$980,"Ara",Base!$G$3:$G$980,$B112) -> 43.701888 | G112: =IFERROR(E112/F112,0) -> 13.729384 | I112: =IFERROR(SUMIFS(Base!$P$3:$P$980,Base!$J$3:$J$980,"Ara",Base!$G$3:$G$980,$B112)/F112,0) -> 13.729384 | J112: =1+SUMPRODUCT(($K$6:$K$114="")*($I$6:$I$114<I112)) -> 5
B113: =INDEX(Base!$H$3:$H$980,MATCH($K113,Base!$B$3:$B$980,0)) -> PEPINO FATIADO DRENAD BK CX6X2,300KG | C113: =IFERROR(IF(INDEX(Base!$I$3:$I$980,MATCH($K113,Base!$B$3:$B$980,0))="","",INDEX(Base!$I$3:$I$980,MATCH($K113,Base!$B$3:$B$980,0))),"sem fornecedor") -> REFRICON | D113: =INDEX(Base!$E$3:$E$980,MATCH($K113,Base!$B$3:$B$980,0)) -> 201010000653 | E113: =IFERROR(INDEX(Base!$K$3:$K$980,MATCH($K113,Base!$B$3:$B$980,0)),"sem estoque") -> 483 | F113: =INDEX(Base!$L$3:$L$980,MATCH($K113,Base!$B$3:$B$980,0)) -> 40.417232 | G113: =INDEX(Base!$M$3:$M$980,MATCH($K113,Base!$B$3:$B$980,0)) -> 11.950348 | H113: =INDEX(Base!$N$3:$N$980,MATCH($K113,Base!$B$3:$B$980,0)) -> 17.537622 | I113: =INDEX(Base!$O$3:$O$980,MATCH($K113,Base!$B$3:$B$980,0)) -> 11.950348 | K113: 201010000653Ara
B114: =INDEX(Base!$H$3:$H$980,MATCH($K114,Base!$B$3:$B$980,0)) -> PIMENTA JALAPENO FAT CLEAN CX6X1,5KG | C114: =IFERROR(IF(INDEX(Base!$I$3:$I$980,MATCH($K114,Base!$B$3:$B$980,0))="","",INDEX(Base!$I$3:$I$980,MATCH($K114,Base!$B$3:$B$980,0))),"sem fornecedor") -> REFRICON | D114: =INDEX(Base!$E$3:$E$980,MATCH($K114,Base!$B$3:$B$980,0)) -> 201010000335 | E114: =IFERROR(INDEX(Base!$K$3:$K$980,MATCH($K114,Base!$B$3:$B$980,0)),"sem estoque") -> 117 | F114: =INDEX(Base!$L$3:$L$980,MATCH($K114,Base!$B$3:$B$980,0)) -> 3.2846563 | G114: =INDEX(Base!$M$3:$M$980,MATCH($K114,Base!$B$3:$B$980,0)) -> 35.620165 | H114: =INDEX(Base!$N$3:$N$980,MATCH($K114,Base!$B$3:$B$980,0)) -> 35.916045 | I114: =INDEX(Base!$O$3:$O$980,MATCH($K114,Base!$B$3:$B$980,0)) -> 35.620165 | K114: 201010000335Ara
B115: Total Geral | E115: =SUMIFS(Base!$K$3:$K$980,Base!$J$3:$J$980,"Ara",Base!$K$3:$K$980,"<>#N/A") -> 77726 | F115: =SUMIFS(Base!$L$3:$L$980,Base!$J$3:$J$980,"Ara") -> 3289.4847 | G115: =IFERROR(E115/F115,0) -> 23.628625 | I115: =IFERROR(SUMIFS(Base!$P$3:$P$980,Base!$J$3:$J$980,"Ara")/F115,0) -> 12.654823

Sheet Jpe
B2: DOH João Pessoa – por Categoria
B5: Categoria / Item | C5: Fornecedor | D5: SAP | E5: Estoque (cx) | F5: Demanda (cx/dia) | G5: DOH | H5: PE | I5: DOH Considerado | J5: Ranking categoria (1 = mais crítica) | K5: Chave
B6: BEBIDAS | E6: =SUMIFS(Base!$K$3:$K$980,Base!$J$3:$J$980,"Jpe",Base!$G$3:$G$980,$B6,Base!$K$3:$K$980,"<>#N/A") -> 5209 | F6: =SUMIFS(Base!$L$3:$L$980,Base!$J$3:$J$980,"Jpe",Base!$G$3:$G$980,$B6) -> 226.35612 | G6: =IFERROR(E6/F6,0) -> 23.012411 | I6: =IFERROR(SUMIFS(Base!$P$3:$P$980,Base!$J$3:$J$980,"Jpe",Base!$G$3:$G$980,$B6)/F6,0) -> 17.2076 | J6: =1+SUMPRODUCT(($K$6:$K$114="")*($I$6:$I$114<I6)) -> 9
B7: =INDEX(Base!$H$3:$H$980,MATCH($K7,Base!$B$3:$B$980,0)) -> SUCO UVA/ MACA NATURAL ONE 180 ML FD C/6UN | C7: =IFERROR(IF(INDEX(Base!$I$3:$I$980,MATCH($K7,Base!$B$3:$B$980,0))="","",INDEX(Base!$I$3:$I$980,MATCH($K7,Base!$B$3:$B$980,0))),"sem fornecedor") -> NATURALONE | D7: =INDEX(Base!$E$3:$E$980,MATCH($K7,Base!$B$3:$B$980,0)) -> 221000000780 | E7: =IFERROR(INDEX(Base!$K$3:$K$980,MATCH($K7,Base!$B$3:$B$980,0)),"sem estoque") -> 2429 | F7: =INDEX(Base!$L$3:$L$980,MATCH($K7,Base!$B$3:$B$980,0)) -> 94.522796 | G7: =INDEX(Base!$M$3:$M$980,MATCH($K7,Base!$B$3:$B$980,0)) -> 25.697505 | H7: =INDEX(Base!$N$3:$N$980,MATCH($K7,Base!$B$3:$B$980,0)) -> 18 | I7: =INDEX(Base!$O$3:$O$980,MATCH($K7,Base!$B$3:$B$980,0)) -> 18 | K7: 221000000780Jpe
B8: =INDEX(Base!$H$3:$H$980,MATCH($K8,Base!$B$3:$B$980,0)) -> SUCO LARANJA COM MACA FD 12X300ML | C8: =IFERROR(IF(INDEX(Base!$I$3:$I$980,MATCH($K8,Base!$B$3:$B$980,0))="","",INDEX(Base!$I$3:$I$980,MATCH($K8,Base!$B$3:$B$980,0))),"sem fornecedor") -> NATURALONE | D8: =INDEX(Base!$E$3:$E$980,MATCH($K8,Base!$B$3:$B$980,0)) -> 221000000541 | E8: =IFERROR(INDEX(Base!$K$3:$K$980,MATCH($K8,Base!$B$3:$B$980,0)),"sem estoque") -> 1154 | F8: =INDEX(Base!$L$3:$L$980,MATCH($K8,Base!$B$3:$B$980,0)) -> 59.08195 | G8: =INDEX(Base!$M$3:$M$980,MATCH($K8,Base!$B$3:$B$980,0)) -> 19.532192 | H8: =INDEX(Base!$N$3:$N$980,MATCH($K8,Base!$B$3:$B$980,0)) -> 15 | I8: =INDEX(Base!$O$3:$O$980,MATCH($K8,Base!$B$3:$B$980,0)) -> 15 | K8: 221000000541Jpe
B9: =INDEX(Base!$H$3:$H$980,MATCH($K9,Base!$B$3:$B$980,0)) -> SUCO UVA MACA 12X300ML PPY/BK | C9: =IFERROR(IF(INDEX(Base!$I$3:$I$980,MATCH($K9,Base!$B$3:$B$980,0))="","",INDEX(Base!$I$3:$I$980,MATCH($K9,Base!$B$3:$B$980,0))),"sem fornecedor") -> NATURALONE | D9: =INDEX(Base!$E$3:$E$980,MATCH($K9,Base!$B$3:$B$980,0)) -> 201080000086 | E9: =IFERROR(INDEX(Base!$K$3:$K$980,MATCH($K9,Base!$B$3:$B$980,0)),"sem estoque") -> 1385 | F9: =INDEX(Base!$L$3:$L$980,MATCH($K9,Base!$B$3:$B$980,0)) -> 59.244769 | G9: =INDEX(Base!$M$3:$M$980,MATCH($K9,Base!$B$3:$B$980,0)) -> 23.377591 | H9: =INDEX(Base!$N$3:$N$980,MATCH($K9,Base!$B$3:$B$980,0)) -> 18 | I9: =INDEX(Base!$O$3:$O$980,MATCH($K9,Base!$B$3:$B$980,0)) -> 18 | K9: 201080000086Jpe
B10: =INDEX(Base!$H$3:$H$980,MATCH($K10,Base!$B$3:$B$980,0)) -> AGUA MINERAL BURGER KING CX 48 UN | C10: =IFERROR(IF(INDEX(Base!$I$3:$I$980,MATCH($K10,Base!$B$3:$B$980,0))="","",INDEX(Base!$I$3:$I$980,MATCH($K10,Base!$B$3:$B$980,0))),"sem fornecedor") -> FLAMIN | D10: =INDEX(Base!$E$3:$E$980,MATCH($K10,Base!$B$3:$B$980,0)) -> 201080000005 | E10: =IFERROR(INDEX(Base!$K$3:$K$980,MATCH($K10,Base!$B$3:$B$980,0)),"sem estoque") -> 241 | F10: =INDEX(Base!$L$3:$L$980,MATCH($K10,Base!$B$3:$B$980,0)) -> 13.506601 | G10: =INDEX(Base!$M$3:$M$980,MATCH($K10,Base!$B$3:$B$980,0)) -> 17.843127 | H10: =INDEX(Base!$N$3:$N$980,MATCH($K10,Base!$B$3:$B$980,0)) -> 31 | I10: =INDEX(Base!$O$3:$O$980,MATCH($K10,Base!$B$3:$B$980,0)) -> 17.843127 | K10: 201080000005Jpe
B11: PÃES | E11: =SUMIFS(Base!$K$3:$K$980,Base!$J$3:$J$980,"Jpe",Base!$G$3:$G$980,$B11,Base!$K$3:$K$980,"<>#N/A") -> 1638 | F11: =SUMIFS(Base!$L$3:$L$980,Base!$J$3:$J$980,"Jpe",Base!$G$3:$G$980,$B11) -> 332.37519 | G11: =IFERROR(E11/F11,0) -> 4.9281657 | I11: =IFERROR(SUMIFS(Base!$P$3:$P$980,Base!$J$3:$J$980,"Jpe",Base!$G$3:$G$980,$B11)/F11,0) -> 4.9281657 | J11: =1+SUMPRODUCT(($K$6:$K$114="")*($I$6:$I$114<I11)) -> 1
B12: =INDEX(Base!$H$3:$H$980,MATCH($K12,Base!$B$3:$B$980,0)) -> PAO BK 5 CL CXG CONG 10500G UNB | C12: =IFERROR(IF(INDEX(Base!$I$3:$I$980,MATCH($K12,Base!$B$3:$B$980,0))="","",INDEX(Base!$I$3:$I$980,MATCH($K12,Base!$B$3:$B$980,0))),"sem fornecedor") -> BIMBO | D12: =INDEX(Base!$E$3:$E$980,MATCH($K12,Base!$B$3:$B$980,0)) -> 201010000575 | E12: =IFERROR(INDEX(Base!$K$3:$K$980,MATCH($K12,Base!$B$3:$B$980,0)),"sem estoque") -> 669 | F12: =INDEX(Base!$L$3:$L$980,MATCH($K12,Base!$B$3:$B$980,0)) -> 113.33855 | G12: =INDEX(Base!$M$3:$M$980,MATCH($K12,Base!$B$3:$B$980,0)) -> 5.9026694 | H12: =INDEX(Base!$N$3:$N$980,MATCH($K12,Base!$B$3:$B$980,0)) -> 7.03 | I12: =INDEX(Base!$O$3:$O$980,MATCH($K12,Base!$B$3:$B$980,0)) -> 5.9026694 | K12: 201010000575Jpe
B13: =INDEX(Base!$H$3:$H$980,MATCH($K13,Base!$B$3:$B$980,0)) -> PAO BK 4 CONG CXG 14900G UNB | C13: =IFERROR(IF(INDEX(Base!$I$3:$I$980,MATCH($K13,Base!$B$3:$B$980,0))="","",INDEX(Base!$I$3:$I$980,MATCH($K13,Base!$B$3:$B$980,0))),"sem fornecedor") -> BIMBO | D13: =INDEX(Base!$E$3:$E$980,MATCH($K13,Base!$B$3:$B$980,0)) -> 201010000262 | E13: =IFERROR(INDEX(Base!$K$3:$K$980,MATCH($K13,Base!$B$3:$B$980,0)),"sem estoque") -> 757 | F13: =INDEX(Base!$L$3:$L$980,MATCH($K13,Base!$B$3:$B$980,0)) -> 192.4504 | G13: =INDEX(Base!$M$3:$M$980,MATCH($K13,Base!$B$3:$B$980,0)) -> 3.933481 | H13: =INDEX(Base!$N$3:$N$980,MATCH($K13,Base!$B$3:$B$980,0)) -> 7.86 | I13: =INDEX(Base!$O$3:$O$980,MATCH($K13,Base!$B$3:$B$980,0)) -> 3.933481 | K13: 201010000262Jpe
B14: =INDEX(Base!$H$3:$H$980,MATCH($K14,Base!$B$3:$B$980,0)) -> PAO SUPREMO BK CONG CX 180 UND | C14: =IFERROR(IF(INDEX(Base!$I$3:$I$980,MATCH($K14,Base!$B$3:$B$980,0))="","",INDEX(Base!$I$3:$I$980,MATCH($K14,Base!$B$3:$B$980,0))),"sem fornecedor") -> BIMBO | D14: =INDEX(Base!$E$3:$E$980,MATCH($K14,Base!$B$3:$B$980,0)) -> 201010000368 | E14: =IFERROR(INDEX(Base!$K$3:$K$980,MATCH($K14,Base!$B$3:$B$980,0)),"sem estoque") -> 119 | F14: =INDEX(Base!$L$3:$L$980,MATCH($K14,Base!$B$3:$B$980,0)) -> 19.032024 | G14: =INDEX(Base!$M$3:$M$980,MATCH($K14,Base!$B$3:$B$980,0)) -> 6.2526194 | H14: =INDEX(Base!$N$3:$N$980,MATCH($K14,Base!$B$3:$B$980,0)) -> 10 | I14: =INDEX(Base!$O$3:$O$980,MATCH($K14,Base!$B$3:$B$980,0)) -> 6.2526194 | K14: 201010000368Jpe
B15: =INDEX(Base!$H$3:$H$980,MATCH($K15,Base!$B$3:$B$980,0)) -> PAO BRIOCHE BK CX 192 UND | C15: =IFERROR(IF(INDEX(Base!$I$3:$I$980,MATCH($K15,Base!$B$3:$B$980,0))="","",INDEX(Base!$I$3:$I$980,MATCH($K15,Base!$B$3:$B$980,0))),"sem fornecedor") -> BIMBO | D15: =INDEX(Base!$E$3:$E$980,MATCH($K15,Base!$B$3:$B$980,0)) -> 201010000492 | E15: =IFERROR(INDEX(Base!$K$3:$K$980,MATCH($K15,Base!$B$3:$B$980,0)),"sem estoque") -> 93 | F15: =INDEX(Base!$L$3:$L$980,MATCH($K15,Base!$B$3:$B$980,0)) -> 7.5542095 | G15: =INDEX(Base!$M$3:$M$980,MATCH($K15,Base!$B$3:$B$980,0)) -> 12.311017 | H15: =INDEX(Base!$N$3:$N$980,MATCH($K15,Base!$B$3:$B$980,0)) -> 15 | I15: =INDEX(Base!$O$3:$O$980,MATCH($K15,Base!$B$3:$B$980,0)) -> 12.311017 | K15: 201010000492Jpe
B16: PROTEINAS | E16: =SUMIFS(Base!$K$3:$K$980,Base!$J$3:$J$980,"Jpe",Base!$G$3:$G$980,$B16,Base!$K$3:$K$980,"<>#N/A") -> 7001 | F16: =SUMIFS(Base!$L$3:$L$980,Base!$J$3:$J$980,"Jpe",Base!$G$3:$G$980,$B16) -> 460.34046 | G16: =IFERROR(E16/F16,0) -> 15.208309 | I16: =IFERROR(SUMIFS(Base!$P$3:$P$980,Base!$J$3:$J$980,"Jpe",Base!$G$3:$G$980,$B16)/F16,0) -> 9.6034716 | J16: =1+SUMPRODUCT(($K$6:$K$114="")*($I$6:$I$114<I16)) -> 2
B17: =INDEX(Base!$H$3:$H$980,MATCH($K17,Base!$B$3:$B$980,0)) -> CHICKEN JR CLEAN BK CX 9,88KG | C17: =IFERROR(IF(INDEX(Base!$I$3:$I$980,MATCH($K17,Base!$B$3:$B$980,0))="","",INDEX(Base!$I$3:$I$980,MATCH($K17,Base!$B$3:$B$980,0))),"sem fornecedor") -> SEARA | D17: =INDEX(Base!$E$3:$E$980,MATCH($K17,Base!$B$3:$B$980,0)) -> 201010000218 | E17: =IFERROR(INDEX(Base!$K$3:$K$980,MATCH($K17,Base!$B$3:$B$980,0)),"sem estoque") -> 1202 | F17: =INDEX(Base!$L$3:$L$980,MATCH($K17,Base!$B$3:$B$980,0)) -> 64.274052 | G17: =INDEX(Base!$M$3:$M$980,MATCH($K17,Base!$B$3:$B$980,0)) -> 18.701171 | H17: =INDEX(Base!$N$3:$N$980,MATCH($K17,Base!$B$3:$B$980,0)) -> 15 | I17: =INDEX(Base!$O$3:$O$980,MATCH($K17,Base!$B$3:$B$980,0)) -> 15 | K17: 201010000218Jpe
B18: =INDEX(Base!$H$3:$H$980,MATCH($K18,Base!$B$3:$B$980,0)) -> CARNE CONG MOIDA WHOPPER BK CX 17,2KG | C18: =IFERROR(IF(INDEX(Base!$I$3:$I$980,MATCH($K18,Base!$B$3:$B$980,0))="","",INDEX(Base!$I$3:$I$980,MATCH($K18,Base!$B$3:$B$980,0))),"sem fornecedor") -> JBS | D18: =INDEX(Base!$E$3:$E$980,MATCH($K18,Base!$B$3:$B$980,0)) -> 201010000209 | E18: =IFERROR(INDEX(Base!$K$3:$K$980,MATCH($K18,Base!$B$3:$B$980,0)),"sem estoque") -> 1769 | F18: =INDEX(Base!$L$3:$L$980,MATCH($K18,Base!$B$3:$B$980,0)) -> 122.47791 | G18: =INDEX(Base!$M$3:$M$980,MATCH($K18,Base!$B$3:$B$980,0)) -> 14.44342 | H18: =INDEX(Base!$N$3:$N$980,MATCH($K18,Base!$B$3:$B$980,0)) -> 7 | I18: =INDEX(Base!$O$3:$O$980,MATCH($K18,Base!$B$3:$B$980,0)) -> 7 | K18: 201010000209Jpe
B19: =INDEX(Base!$H$3:$H$980,MATCH($K19,Base!$B$3:$B$980,0)) -> CARNE HB CONG BKC CX COM 18,7 KG | C19: =IFERROR(IF(INDEX(Base!$I$3:$I$980,MATCH($K19,Base!$B$3:$B$980,0))="","",INDEX(Base!$I$3:$I$980,MATCH($K19,Base!$B$3:$B$980,0))),"sem fornecedor") -> JBS | D19: =INDEX(Base!$E$3:$E$980,MATCH($K19,Base!$B$3:$B$980,0)) -> 201010000645 | E19: =IFERROR(INDEX(Base!$K$3:$K$980,MATCH($K19,Base!$B$3:$B$980,0)),"sem estoque") -> 2623 | F19: =INDEX(Base!$L$3:$L$980,MATCH($K19,Base!$B$3:$B$980,0)) -> 192.93754 | G19: =INDEX(Base!$M$3:$M$980,MATCH($K19,Base!$B$3:$B$980,0)) -> 13.595073 | H19: =INDEX(Base!$N$3:$N$980,MATCH($K19,Base!$B$3:$B$980,0)) -> 7 | I19: =INDEX(Base!$O$3:$O$980,MATCH($K19,Base!$B$3:$B$980,0)) -> 7 | K19: 201010000645Jpe
B20: =INDEX(Base!$H$3:$H$980,MATCH($K20,Base!$B$3:$B$980,0)) -> CHICKEN NUGGETS CX COM 12 KG | C20: =IFERROR(IF(INDEX(Base!$I$3:$I$980,MATCH($K20,Base!$B$3:$B$980,0))="","",INDEX(Base!$I$3:$I$980,MATCH($K20,Base!$B$3:$B$980,0))),"sem fornecedor") -> SEARA | D20: =INDEX(Base!$E$3:$E$980,MATCH($K20,Base!$B$3:$B$980,0)) -> 201010000565 | E20: =IFERROR(INDEX(Base!$K$3:$K$980,MATCH($K20,Base!$B$3:$B$980,0)),"sem estoque") -> 532 | F20: =INDEX(Base!$L$3:$L$980,MATCH($K20,Base!$B$3:$B$980,0)) -> 33.06361 | G20: =INDEX(Base!$M$3:$M$980,MATCH($K20,Base!$B$3:$B$980,0)) -> 16.090197 | H20: =INDEX(Base!$N$3:$N$980,MATCH($K20,Base!$B$3:$B$980,0)) -> 24 | I20: =INDEX(Base!$O$3:$O$980,MATCH($K20,Base!$B$3:$B$980,0)) -> 16.090197 | K20: 201010000565Jpe
B21: =INDEX(Base!$H$3:$H$980,MATCH($K21,Base!$B$3:$B$980,0)) -> BACON PRONTO CONG 1187 UND CX 4KG DIS | C21: =IFERROR(IF(INDEX(Base!$I$3:$I$980,MATCH($K21,Base!$B$3:$B$980,0))="","",INDEX(Base!$I$3:$I$980,MATCH($K21,Base!$B$3:$B$980,0))),"sem fornecedor") -> SEARA2 | D21: =INDEX(Base!$E$3:$E$980,MATCH($K21,Base!$B$3:$B$980,0)) -> 201010000684 | E21: =IFERROR(INDEX(Base!$K$3:$K$980,MATCH($K21,Base!$B$3:$B$980,0)),"sem estoque") -> 504 | F21: =INDEX(Base!$L$3:$L$980,MATCH($K21,Base!$B$3:$B$980,0)) -> 31.516889 | G21: =INDEX(Base!$M$3:$M$980,MATCH($K21,Base!$B$3:$B$980,0)) -> 15.991426 | H21: =INDEX(Base!$N$3:$N$980,MATCH($K21,Base!$B$3:$B$980,0)) -> 15 | I21: =INDEX(Base!$O$3:$O$980,MATCH($K21,Base!$B$3:$B$980,0)) -> 15 | K21: 201010000684Jpe
B22: =INDEX(Base!$H$3:$H$980,MATCH($K22,Base!$B$3:$B$980,0)) -> BACON BK ASS CUBOS CX 2X1KG | C22: =IFERROR(IF(INDEX(Base!$I$3:$I$980,MATCH($K22,Base!$B$3:$B$980,0))="","",INDEX(Base!$I$3:$I$980,MATCH($K22,Base!$B$3:$B$980,0))),"sem fornecedor") -> MINERVA | D22: =INDEX(Base!$E$3:$E$980,MATCH($K22,Base!$B$3:$B$980,0)) -> 201010000402 | E22: =IFERROR(INDEX(Base!$K$3:$K$980,MATCH($K22,Base!$B$3:$B$980,0)),"sem estoque") -> 200 | F22: =INDEX(Base!$L$3:$L$980,MATCH($K22,Base!$B$3:$B$980,0)) -> 7.5029319 | G22: =INDEX(Base!$M$3:$M$980,MATCH($K22,Base!$B$3:$B$980,0)) -> 26.656246 | H22: =INDEX(Base!$N$3:$N$980,MATCH($K22,Base!$B$3:$B$980,0)) -> 15 | I22: =INDEX(Base!$O$3:$O$980,MATCH($K22,Base!$B$3:$B$980,0)) -> 15 | K22: 201010000402Jpe
B23: =INDEX(Base!$H$3:$H$980,MATCH($K23,Base!$B$3:$B$980,0)) -> TENDER CRISPY FILE NOVO BK CX 4X2,5 KG | C23: =IFERROR(IF(INDEX(Base!$I$3:$I$980,MATCH($K23,Base!$B$3:$B$980,0))="","",INDEX(Base!$I$3:$I$980,MATCH($K23,Base!$B$3:$B$980,0))),"sem fornecedor") -> BRF | D23: =INDEX(Base!$E$3:$E$980,MATCH($K23,Base!$B$3:$B$980,0)) -> 201010000539 | E23: =IFERROR(INDEX(Base!$K$3:$K$980,MATCH($K23,Base!$B$3:$B$980,0)),"sem estoque") -> 88 | F23: =INDEX(Base!$L$3:$L$980,MATCH($K23,Base!$B$3:$B$980,0)) -> 5.8456295 | G23: =INDEX(Base!$M$3:$M$980,MATCH($K23,Base!$B$3:$B$980,0)) -> 15.053982 | H23: =INDEX(Base!$N$3:$N$980,MATCH($K23,Base!$B$3:$B$980,0)) -> 18 | I23: =INDEX(Base!$O$3:$O$980,MATCH($K23,Base!$B$3:$B$980,0)) -> 15.053982 | K23: 201010000539Jpe
B24: =INDEX(Base!$H$3:$H$980,MATCH($K24,Base!$B$3:$B$980,0)) -> HAMBURGUER REBEL SABOR PICANHA CX 122 UND 12KG | C24: =IFERROR(IF(INDEX(Base!$I$3:$I$980,MATCH($K24,Base!$B$3:$B$980,0))="","",INDEX(Base!$I$3:$I$980,MATCH($K24,Base!$B$3:$B$980,0))),"sem fornecedor") -> PLANTPLUS2 | D24: =INDEX(Base!$E$3:$E$980,MATCH($K24,Base!$B$3:$B$980,0)) -> 201010000654 | E24: =IFERROR(INDEX(Base!$K$3:$K$980,MATCH($K24,Base!$B$3:$B$980,0)),"sem estoque") -> 83 | F24: =INDEX(Base!$L$3:$L$980,MATCH($K24,Base!$B$3:$B$980,0)) -> 2.7218898 | G24: =INDEX(Base!$M$3:$M$980,MATCH($K24,Base!$B$3:$B$980,0)) -> 30.493519 | H24: =INDEX(Base!$N$3:$N$980,MATCH($K24,Base!$B$3:$B$980,0)) -> 16 | I24: =INDEX(Base!$O$3:$O$980,MATCH($K24,Base!$B$3:$B$980,0)) -> 16 | K24: 201010000654Jpe
B25: LÁCTEOS | E25: =SUMIFS(Base!$K$3:$K$980,Base!$J$3:$J$980,"Jpe",Base!$G$3:$G$980,$B25,Base!$K$3:$K$980,"<>#N/A") -> 3631 | F25: =SUMIFS(Base!$L$3:$L$980,Base!$J$3:$J$980,"Jpe",Base!$G$3:$G$980,$B25) -> 115.05128 | G25: =IFERROR(E25/F25,0) -> 31.559841 | I25: =IFERROR(SUMIFS(Base!$P$3:$P$980,Base!$J$3:$J$980,"Jpe",Base!$G$3:$G$980,$B25)/F25,0) -> 12.350611 | J25: =1+SUMPRODUCT(($K$6:$K$114="")*($I$6:$I$114<I25)) -> 4
B26: =INDEX(Base!$H$3:$H$980,MATCH($K26,Base!$B$3:$B$980,0)) -> BEBIDA LACTEA UHT BAUNILHA BK 10 L X 2 UN | C26: =IFERROR(IF(INDEX(Base!$I$3:$I$980,MATCH($K26,Base!$B$3:$B$980,0))="","",INDEX(Base!$I$3:$I$980,MATCH($K26,Base!$B$3:$B$980,0))),"sem fornecedor") -> POLENGHI2 | D26: =INDEX(Base!$E$3:$E$980,MATCH($K26,Base!$B$3:$B$980,0)) -> 241000000044 | E26: =IFERROR(INDEX(Base!$K$3:$K$980,MATCH($K26,Base!$B$3:$B$980,0)),"sem estoque") -> 2049 | F26: =INDEX(Base!$L$3:$L$980,MATCH($K26,Base!$B$3:$B$980,0)) -> 5.0217349 | G26: =INDEX(Base!$M$3:$M$980,MATCH($K26,Base!$B$3:$B$980,0)) -> 408.02632 | H26: =INDEX(Base!$N$3:$N$980,MATCH($K26,Base!$B$3:$B$980,0)) -> 12.5 | I26: =INDEX(Base!$O$3:$O$980,MATCH($K26,Base!$B$3:$B$980,0)) -> 12.5 | K26: 241000000044Jpe
B27: =INDEX(Base!$H$3:$H$980,MATCH($K27,Base!$B$3:$B$980,0)) -> QUEIJO CHEDDAR CLEAN NAC BK CX 17,66 KG | C27: =IFERROR(IF(INDEX(Base!$I$3:$I$980,MATCH($K27,Base!$B$3:$B$980,0))="","",INDEX(Base!$I$3:$I$980,MATCH($K27,Base!$B$3:$B$980,0))),"sem fornecedor") -> POLENGHI I | D27: =INDEX(Base!$E$3:$E$980,MATCH($K27,Base!$B$3:$B$980,0)) -> 201010000628 | E27: =IFERROR(INDEX(Base!$K$3:$K$980,MATCH($K27,Base!$B$3:$B$980,0)),"sem estoque") -> 706 | F27: =INDEX(Base!$L$3:$L$980,MATCH($K27,Base!$B$3:$B$980,0)) -> 58.757952 | G27: =INDEX(Base!$M$3:$M$980,MATCH($K27,Base!$B$3:$B$980,0)) -> 12.015395 | H27: =INDEX(Base!$N$3:$N$980,MATCH($K27,Base!$B$3:$B$980,0)) -> 20 | I27: =INDEX(Base!$O$3:$O$980,MATCH($K27,Base!$B$3:$B$980,0)) -> 12.015395 | K27: 201010000628Jpe
B28: =INDEX(Base!$H$3:$H$980,MATCH($K28,Base!$B$3:$B$980,0)) -> BEBIDA LACTEA DOCE DE LEITE UHT BK CX10X2UN | C28: =IFERROR(IF(INDEX(Base!$I$3:$I$980,MATCH($K28,Base!$B$3:$B$980,0))="","",INDEX(Base!$I$3:$I$980,MATCH($K28,Base!$B$3:$B$980,0))),"sem fornecedor") -> POLENGHI2 | D28: =INDEX(Base!$E$3:$E$980,MATCH($K28,Base!$B$3:$B$980,0)) -> 201010000527 | E28: =IFERROR(INDEX(Base!$K$3:$K$980,MATCH($K28,Base!$B$3:$B$980,0)),"sem estoque") -> 641 | F28: =INDEX(Base!$L$3:$L$980,MATCH($K28,Base!$B$3:$B$980,0)) -> 30.90236 | G28: =INDEX(Base!$M$3:$M$980,MATCH($K28,Base!$B$3:$B$980,0)) -> 20.742752 | H28: =INDEX(Base!$N$3:$N$980,MATCH($K28,Base!$B$3:$B$980,0)) -> 13.5 | I28: =INDEX(Base!$O$3:$O$980,MATCH($K28,Base!$B$3:$B$980,0)) -> 13.5 | K28: 201010000527Jpe
B29: =INDEX(Base!$H$3:$H$980,MATCH($K29,Base!$B$3:$B$980,0)) -> MOLHO CHEDDAR BNG 2KGX8UN | C29: =IFERROR(IF(INDEX(Base!$I$3:$I$980,MATCH($K29,Base!$B$3:$B$980,0))="","",INDEX(Base!$I$3:$I$980,MATCH($K29,Base!$B$3:$B$980,0))),"sem fornecedor") -> POLENGHI | D29: =INDEX(Base!$E$3:$E$980,MATCH($K29,Base!$B$3:$B$980,0)) -> 201010006004 | E29: =IFERROR(INDEX(Base!$K$3:$K$980,MATCH($K29,Base!$B$3:$B$980,0)),"sem estoque") -> 235 | F29: =INDEX(Base!$L$3:$L$980,MATCH($K29,Base!$B$3:$B$980,0)) -> 20.369229 | G29: =INDEX(Base!$M$3:$M$980,MATCH($K29,Base!$B$3:$B$980,0)) -> 11.53701 | H29: =INDEX(Base!$N$3:$N$980,MATCH($K29,Base!$B$3:$B$980,0)) -> 26 | I29: =INDEX(Base!$O$3:$O$980,MATCH($K29,Base!$B$3:$B$980,0)) -> 11.53701 | K29: 201010006004Jpe
B30: MOLHOS | E30: =SUMIFS(Base!$K$3:$K$980,Base!$J$3:$J$980,"Jpe",Base!$G$3:$G$980,$B30,Base!$K$3:$K$980,"<>#N/A") -> 2710 | F30: =SUMIFS(Base!$L$3:$L$980,Base!$J$3:$J$980,"Jpe",Base!$G$3:$G$980,$B30) -> 187.68709 | G30: =IFERROR(E30/F30,0) -> 14.438926 | I30: =IFERROR(SUMIFS(Base!$P$3:$P$980,Base!$J$3:$J$980,"Jpe",Base!$G$3:$G$980,$B30)/F30,0) -> 13.415925 | J30: =1+SUMPRODUCT(($K$6:$K$114="")*($I$6:$I$114<I30)) -> 6
B31: =INDEX(Base!$H$3:$H$980,MATCH($K31,Base!$B$3:$B$980,0)) -> MAIONESE BAG CX6X3KG | C31: =IFERROR(IF(INDEX(Base!$I$3:$I$980,MATCH($K31,Base!$B$3:$B$980,0))="","",INDEX(Base!$I$3:$I$980,MATCH($K31,Base!$B$3:$B$980,0))),"sem fornecedor") -> KERRY | D31: =INDEX(Base!$E$3:$E$980,MATCH($K31,Base!$B$3:$B$980,0)) -> 201010000317 | E31: =IFERROR(INDEX(Base!$K$3:$K$980,MATCH($K31,Base!$B$3:$B$980,0)),"sem estoque") -> 349 | F31: =INDEX(Base!$L$3:$L$980,MATCH($K31,Base!$B$3:$B$980,0)) -> 36.106837 | G31: =INDEX(Base!$M$3:$M$980,MATCH($K31,Base!$B$3:$B$980,0)) -> 9.6657594 | H31: =INDEX(Base!$N$3:$N$980,MATCH($K31,Base!$B$3:$B$980,0)) -> 18 | I31: =INDEX(Base!$O$3:$O$980,MATCH($K31,Base!$B$3:$B$980,0)) -> 9.6657594 | K31: 201010000317Jpe
B32: =INDEX(Base!$H$3:$H$980,MATCH($K32,Base!$B$3:$B$980,0)) -> SACHE KETCHUP BK HEINZ CX 1500X7GR | C32: =IFERROR(IF(INDEX(Base!$I$3:$I$980,MATCH($K32,Base!$B$3:$B$980,0))="","",INDEX(Base!$I$3:$I$980,MATCH($K32,Base!$B$3:$B$980,0))),"sem fornecedor") -> HEINZ | D32: =INDEX(Base!$E$3:$E$980,MATCH($K32,Base!$B$3:$B$980,0)) -> 201010000417 | E32: =IFERROR(INDEX(Base!$K$3:$K$980,MATCH($K32,Base!$B$3:$B$980,0)),"sem estoque") -> 365 | F32: =INDEX(Base!$L$3:$L$980,MATCH($K32,Base!$B$3:$B$980,0)) -> 34.754547 | G32: =INDEX(Base!$M$3:$M$980,MATCH($K32,Base!$B$3:$B$980,0)) -> 10.502223 | H32: =INDEX(Base!$N$3:$N$980,MATCH($K32,Base!$B$3:$B$980,0)) -> 14 | I32: =INDEX(Base!$O$3:$O$980,MATCH($K32,Base!$B$3:$B$980,0)) -> 10.502223 | K32: 201010000417Jpe
B33: =INDEX(Base!$H$3:$H$980,MATCH($K33,Base!$B$3:$B$980,0)) -> MOLHO STACKER BAG CL BK CX5X1,1KG | C33: =IFERROR(IF(INDEX(Base!$I$3:$I$980,MATCH($K33,Base!$B$3:$B$980,0))="","",INDEX(Base!$I$3:$I$980,MATCH($K33,Base!$B$3:$B$980,0))),"sem fornecedor") -> KERRY | D33: =INDEX(Base!$E$3:$E$980,MATCH($K33,Base!$B$3:$B$980,0)) -> 201010000482 | E33: =IFERROR(INDEX(Base!$K$3:$K$980,MATCH($K33,Base!$B$3:$B$980,0)),"sem estoque") -> 695 | F33: =INDEX(Base!$L$3:$L$980,MATCH($K33,Base!$B$3:$B$980,0)) -> 36.297304 | G33: =INDEX(Base!$M$3:$M$980,MATCH($K33,Base!$B$3:$B$980,0)) -> 19.147428 | H33: =INDEX(Base!$N$3:$N$980,MATCH($K33,Base!$B$3:$B$980,0)) -> 19 | I33: =INDEX(Base!$O$3:$O$980,MATCH($K33,Base!$B$3:$B$980,0)) -> 19 | K33: 201010000482Jpe
B34: =INDEX(Base!$H$3:$H$980,MATCH($K34,Base!$B$3:$B$980,0)) -> MOLHO BARBECUE BAG MP BK CX COM 5,5 KG | C34: =IFERROR(IF(INDEX(Base!$I$3:$I$980,MATCH($K34,Base!$B$3:$B$980,0))="","",INDEX(Base!$I$3:$I$980,MATCH($K34,Base!$B$3:$B$980,0))),"sem fornecedor") -> MECANOPACK | D34: =INDEX(Base!$E$3:$E$980,MATCH($K34,Base!$B$3:$B$980,0)) -> 201010000322 | E34: =IFERROR(INDEX(Base!$K$3:$K$980,MATCH($K34,Base!$B$3:$B$980,0)),"sem estoque") -> 569 | F34: =INDEX(Base!$L$3:$L$980,MATCH($K34,Base!$B$3:$B$980,0)) -> 36.481261 | G34: =INDEX(Base!$M$3:$M$980,MATCH($K34,Base!$B$3:$B$980,0)) -> 15.597049 | H34: =INDEX(Base!$N$3:$N$980,MATCH($K34,Base!$B$3:$B$980,0)) -> 22 | I34: =INDEX(Base!$O$3:$O$980,MATCH($K34,Base!$B$3:$B$980,0)) -> 15.597049 | K34: 201010000322Jpe
B35: =INDEX(Base!$H$3:$H$980,MATCH($K35,Base!$B$3:$B$980,0)) -> MAIONESE GRANEL SABOR BACON CX5,5KG | C35: =IFERROR(IF(INDEX(Base!$I$3:$I$980,MATCH($K35,Base!$B$3:$B$980,0))="","",INDEX(Base!$I$3:$I$980,MATCH($K35,Base!$B$3:$B$980,0))),"sem fornecedor") -> KERRY | D35: =INDEX(Base!$E$3:$E$980,MATCH($K35,Base!$B$3:$B$980,0)) -> 201010000406 | E35: =IFERROR(INDEX(Base!$K$3:$K$980,MATCH($K35,Base!$B$3:$B$980,0)),"sem estoque") -> -4 | F35: =INDEX(Base!$L$3:$L$980,MATCH($K35,Base!$B$3:$B$980,0)) -> 9.0680938 | G35: =INDEX(Base!$M$3:$M$980,MATCH($K35,Base!$B$3:$B$980,0)) -> -0.44110704 | H35: =INDEX(Base!$N$3:$N$980,MATCH($K35,Base!$B$3:$B$980,0)) -> 36 | I35: =INDEX(Base!$O$3:$O$980,MATCH($K35,Base!$B$3:$B$980,0)) -> -0.44110704 | K35: 201010000406Jpe
B36: =INDEX(Base!$H$3:$H$980,MATCH($K36,Base!$B$3:$B$980,0)) -> KETCHUP A GRANEL BK HEINZ CX 8X2KG | C36: =IFERROR(IF(INDEX(Base!$I$3:$I$980,MATCH($K36,Base!$B$3:$B$980,0))="","",INDEX(Base!$I$3:$I$980,MATCH($K36,Base!$B$3:$B$980,0))),"sem fornecedor") -> HEINZ | D36: =INDEX(Base!$E$3:$E$980,MATCH($K36,Base!$B$3:$B$980,0)) -> 201010000567 | E36: =IFERROR(INDEX(Base!$K$3:$K$980,MATCH($K36,Base!$B$3:$B$980,0)),"sem estoque") -> 123 | F36: =INDEX(Base!$L$3:$L$980,MATCH($K36,Base!$B$3:$B$980,0)) -> 8.8683888 | G36: =INDEX(Base!$M$3:$M$980,MATCH($K36,Base!$B$3:$B$980,0)) -> 13.869487 | H36: =INDEX(Base!$N$3:$N$980,MATCH($K36,Base!$B$3:$B$980,0)) -> 17 | I36: =INDEX(Base!$O$3:$O$980,MATCH($K36,Base!$B$3:$B$980,0)) -> 13.869487 | K36: 201010000567Jpe
B37: =INDEX(Base!$H$3:$H$980,MATCH($K37,Base!$B$3:$B$980,0)) -> MOSTARDA HEINZ BK SACHE 2304 5G | C37: =IFERROR(IF(INDEX(Base!$I$3:$I$980,MATCH($K37,Base!$B$3:$B$980,0))="","",INDEX(Base!$I$3:$I$980,MATCH($K37,Base!$B$3:$B$980,0))),"sem fornecedor") -> HEINZ | D37: =INDEX(Base!$E$3:$E$980,MATCH($K37,Base!$B$3:$B$980,0)) -> 201010000616 | E37: =IFERROR(INDEX(Base!$K$3:$K$980,MATCH($K37,Base!$B$3:$B$980,0)),"sem estoque") -> 126 | F37: =INDEX(Base!$L$3:$L$980,MATCH($K37,Base!$B$3:$B$980,0)) -> 9.3304878 | G37: =INDEX(Base!$M$3:$M$980,MATCH($K37,Base!$B$3:$B$980,0)) -> 13.504117 | H37: =INDEX(Base!$N$3:$N$980,MATCH($K37,Base!$B$3:$B$980,0)) -> 14 | I37: =INDEX(Base!$O$3:$O$980,MATCH($K37,Base!$B$3:$B$980,0)) -> 13.504117 | K37: 201010000616Jpe
B38: =INDEX(Base!$H$3:$H$980,MATCH($K38,Base!$B$3:$B$980,0)) -> MOLHO FURIOSO NCM BK 5.5KG CLEAN | C38: =IFERROR(IF(INDEX(Base!$I$3:$I$980,MATCH($K38,Base!$B$3:$B$980,0))="","",INDEX(Base!$I$3:$I$980,MATCH($K38,Base!$B$3:$B$980,0))),"sem fornecedor") -> KERRY | D38: =INDEX(Base!$E$3:$E$980,MATCH($K38,Base!$B$3:$B$980,0)) -> 201010000324 | E38: =IFERROR(INDEX(Base!$K$3:$K$980,MATCH($K38,Base!$B$3:$B$980,0)),"sem estoque") -> 129 | F38: =INDEX(Base!$L$3:$L$980,MATCH($K38,Base!$B$3:$B$980,0)) -> 6.8119352 | G38: =INDEX(Base!$M$3:$M$980,MATCH($K38,Base!$B$3:$B$980,0)) -> 18.93735 | H38: =INDEX(Base!$N$3:$N$980,MATCH($K38,Base!$B$3:$B$980,0)) -> 22 | I38: =INDEX(Base!$O$3:$O$980,MATCH($K38,Base!$B$3:$B$980,0)) -> 18.93735 | K38: 201010000324Jpe
B39: =INDEX(Base!$H$3:$H$980,MATCH($K39,Base!$B$3:$B$980,0)) -> MAIONESE SACHET SABOR BACON CX C/304 UND | C39: =IFERROR(IF(INDEX(Base!$I$3:$I$980,MATCH($K39,Base!$B$3:$B$980,0))="","",INDEX(Base!$I$3:$I$980,MATCH($K39,Base!$B$3:$B$980,0))),"sem fornecedor") -> KERRY | D39: =INDEX(Base!$E$3:$E$980,MATCH($K39,Base!$B$3:$B$980,0)) -> 201010000455 | E39: =IFERROR(INDEX(Base!$K$3:$K$980,MATCH($K39,Base!$B$3:$B$980,0)),"sem estoque") -> 2 | F39: =INDEX(Base!$L$3:$L$980,MATCH($K39,Base!$B$3:$B$980,0)) -> 2.5049613 | G39: =INDEX(Base!$M$3:$M$980,MATCH($K39,Base!$B$3:$B$980,0)) -> 0.79841554 | H39: =INDEX(Base!$N$3:$N$980,MATCH($K39,Base!$B$3:$B$980,0)) -> 20 | I39: =INDEX(Base!$O$3:$O$980,MATCH($K39,Base!$B$3:$B$980,0)) -> 0.79841554 | K39: 201010000455Jpe
B40: =INDEX(Base!$H$3:$H$980,MATCH($K40,Base!$B$3:$B$980,0)) -> MOLHO BARBECUE BLISTER BK MP CX COM 144 UND 28G | C40: =IFERROR(IF(INDEX(Base!$I$3:$I$980,MATCH($K40,Base!$B$3:$B$980,0))="","",INDEX(Base!$I$3:$I$980,MATCH($K40,Base!$B$3:$B$980,0))),"sem fornecedor") -> MECANOPACK | D40: =INDEX(Base!$E$3:$E$980,MATCH($K40,Base!$B$3:$B$980,0)) -> 201010000561 | E40: =IFERROR(INDEX(Base!$K$3:$K$980,MATCH($K40,Base!$B$3:$B$980,0)),"sem estoque") -> 128 | F40: =INDEX(Base!$L$3:$L$980,MATCH($K40,Base!$B$3:$B$980,0)) -> 2.2752403 | G40: =INDEX(Base!$M$3:$M$980,MATCH($K40,Base!$B$3:$B$980,0)) -> 56.257795 | H40: =INDEX(Base!$N$3:$N$980,MATCH($K40,Base!$B$3:$B$980,0)) -> 24 | I40: =INDEX(Base!$O$3:$O$980,MATCH($K40,Base!$B$3:$B$980,0)) -> 24 | K40: 201010000561Jpe
B41: =INDEX(Base!$H$3:$H$980,MATCH($K41,Base!$B$3:$B$980,0)) -> MOLHO FURIOSO BK NCM CX 144 BLISTER 28G UND | C41: =IFERROR(IF(INDEX(Base!$I$3:$I$980,MATCH($K41,Base!$B$3:$B$980,0))="","",INDEX(Base!$I$3:$I$980,MATCH($K41,Base!$B$3:$B$980,0))),"sem fornecedor") -> KERRY | D41: =INDEX(Base!$E$3:$E$980,MATCH($K41,Base!$B$3:$B$980,0)) -> 201010000562 | E41: =IFERROR(INDEX(Base!$K$3:$K$980,MATCH($K41,Base!$B$3:$B$980,0)),"sem estoque") -> 101 | F41: =INDEX(Base!$L$3:$L$980,MATCH($K41,Base!$B$3:$B$980,0)) -> 1.9623947 | G41: =INDEX(Base!$M$3:$M$980,MATCH($K41,Base!$B$3:$B$980,0)) -> 51.467729 | H41: =INDEX(Base!$N$3:$N$980,MATCH($K41,Base!$B$3:$B$980,0)) -> 22 | I41: =INDEX(Base!$O$3:$O$980,MATCH($K41,Base!$B$3:$B$980,0)) -> 22 | K41: 201010000562Jpe
B42: =INDEX(Base!$H$3:$H$980,MATCH($K42,Base!$B$3:$B$980,0)) -> MAIONESE VERDE SACHET CX COM 304 UND | C42: =IFERROR(IF(INDEX(Base!$I$3:$I$980,MATCH($K42,Base!$B$3:$B$980,0))="","",INDEX(Base!$I$3:$I$980,MATCH($K42,Base!$B$3:$B$980,0))),"sem fornecedor") -> KERRY | D42: =INDEX(Base!$E$3:$E$980,MATCH($K42,Base!$B$3:$B$980,0)) -> 201010000633 | E42: =IFERROR(INDEX(Base!$K$3:$K$980,MATCH($K42,Base!$B$3:$B$980,0)),"sem estoque") -> 34 | F42: =INDEX(Base!$L$3:$L$980,MATCH($K42,Base!$B$3:$B$980,0)) -> 1.4306752 | G42: =INDEX(Base!$M$3:$M$980,MATCH($K42,Base!$B$3:$B$980,0)) -> 23.765003 | H42: =INDEX(Base!$N$3:$N$980,MATCH($K42,Base!$B$3:$B$980,0)) -> 23 | I42: =INDEX(Base!$O$3:$O$980,MATCH($K42,Base!$B$3:$B$980,0)) -> 23 | K42: 201010000633Jpe
... B44: =INDEX(Base!$H$3:$H$980,MATCH($K44,Base!$B$3:$B$980,0)) -> MOSTARDA HEINZ BK BAG 8X2KG | C44: =IFERROR(IF(INDEX(Base!$I$3:$I$980,MATCH($K44,Base!$B$3:$B$980,0))="","",INDEX(Base!$I$3:$I$980,MATCH($K44,Base!$B$3:$B$980,0))),"sem fornecedor") -> HEINZ | D44: =INDEX(Base!$E$3:$E$980,MATCH($K44,Base!$B$3:$B$980,0)) -> 201010000617 | E44: =IFERROR(INDEX(Base!$K$3:$K$980,MATCH($K44,Base!$B$3:$B$980,0)),"sem estoque") -> 42 | F44: =INDEX(Base!$L$3:$L$980,MATCH($K44,Base!$B$3:$B$980,0)) -> 1.2429687 | G44: =INDEX(Base!$M$3:$M$980,MATCH($K44,Base!$B$3:$B$980,0)) -> 33.79007 | H44: =INDEX(Base!$N$3:$N$980,MATCH($K44,Base!$B$3:$B$980,0)) -> 24 | I44: =INDEX(Base!$O$3:$O$980,MATCH($K44,Base!$B$3:$B$980,0)) -> 24 | K44: 201010000617Jpe
B45: EMBALAGENS | E45: =SUMIFS(Base!$K$3:$K$980,Base!$J$3:$J$980,"Jpe",Base!$G$3:$G$980,$B45,Base!$K$3:$K$980,"<>#N/A") -> 4135 | F45: =SUMIFS(Base!$L$3:$L$980,Base!$J$3:$J$980,"Jpe",Base!$G$3:$G$980,$B45) -> 200.96638 | G45: =IFERROR(E45/F45,0) -> 20.575581 | I45: =IFERROR(SUMIFS(Base!$P$3:$P$980,Base!$J$3:$J$980,"Jpe",Base!$G$3:$G$980,$B45)/F45,0) -> 11.968507 | J45: =1+SUMPRODUCT(($K$6:$K$114="")*($I$6:$I$114<I45)) -> 3
B46: =INDEX(Base!$H$3:$H$980,MATCH($K46,Base!$B$3:$B$980,0)) -> COPO REFRIG.PP BK 440ML CX 900 UND | C46: =IFERROR(IF(INDEX(Base!$I$3:$I$980,MATCH($K46,Base!$B$3:$B$980,0))="","",INDEX(Base!$I$3:$I$980,MATCH($K46,Base!$B$3:$B$980,0))),"sem fornecedor") -> BO PACK | D46: =INDEX(Base!$E$3:$E$980,MATCH($K46,Base!$B$3:$B$980,0)) -> 201030000119 | E46: =IFERROR(INDEX(Base!$K$3:$K$980,MATCH($K46,Base!$B$3:$B$980,0)),"sem estoque") -> 127 | F46: =INDEX(Base!$L$3:$L$980,MATCH($K46,Base!$B$3:$B$980,0)) -> 14.260417 | G46: =INDEX(Base!$M$3:$M$980,MATCH($K46,Base!$B$3:$B$980,0)) -> 8.9057703 | H46: =INDEX(Base!$N$3:$N$980,MATCH($K46,Base!$B$3:$B$980,0)) -> 15 | I46: =INDEX(Base!$O$3:$O$980,MATCH($K46,Base!$B$3:$B$980,0)) -> 8.9057703 | K46: 201030000119Jpe
B47: =INDEX(Base!$H$3:$H$980,MATCH($K47,Base!$B$3:$B$980,0)) -> ETIQ LACRE DE SEGURANCA BKC 79,94X39,93MM | C47: =IFERROR(IF(INDEX(Base!$I$3:$I$980,MATCH($K47,Base!$B$3:$B$980,0))="","",INDEX(Base!$I$3:$I$980,MATCH($K47,Base!$B$3:$B$980,0))),"sem fornecedor") -> ALL4LABELS | D47: =INDEX(Base!$E$3:$E$980,MATCH($K47,Base!$B$3:$B$980,0)) -> 201030000468 | E47: =IFERROR(INDEX(Base!$K$3:$K$980,MATCH($K47,Base!$B$3:$B$980,0)),"sem estoque") -> 954 | F47: =INDEX(Base!$L$3:$L$980,MATCH($K47,Base!$B$3:$B$980,0)) -> 2.0716734 | G47: =INDEX(Base!$M$3:$M$980,MATCH($K47,Base!$B$3:$B$980,0)) -> 460.4973 | H47: =INDEX(Base!$N$3:$N$980,MATCH($K47,Base!$B$3:$B$980,0)) -> 38 | I47: =INDEX(Base!$O$3:$O$980,MATCH($K47,Base!$B$3:$B$980,0)) -> 38 | K47: 201030000468Jpe
B48: =INDEX(Base!$H$3:$H$980,MATCH($K48,Base!$B$3:$B$980,0)) -> SACOLA P/ VIAGEM PCT 500 UN | C48: =IFERROR(IF(INDEX(Base!$I$3:$I$980,MATCH($K48,Base!$B$3:$B$980,0))="","",INDEX(Base!$I$3:$I$980,MATCH($K48,Base!$B$3:$B$980,0))),"sem fornecedor") -> C. CLARO | D48: =INDEX(Base!$E$3:$E$980,MATCH($K48,Base!$B$3:$B$980,0)) -> 201030000215 | E48: =IFERROR(INDEX(Base!$K$3:$K$980,MATCH($K48,Base!$B$3:$B$980,0)),"sem estoque") -> 160 | F48: =INDEX(Base!$L$3:$L$980,MATCH($K48,Base!$B$3:$B$980,0)) -> 11.64575 | G48: =INDEX(Base!$M$3:$M$980,MATCH($K48,Base!$B$3:$B$980,0)) -> 13.738917 | H48: =INDEX(Base!$N$3:$N$980,MATCH($K48,Base!$B$3:$B$980,0)) -> 27 | I48: =INDEX(Base!$O$3:$O$980,MATCH($K48,Base!$B$3:$B$980,0)) -> 13.738917 | K48: 201030000215Jpe
B49: =INDEX(Base!$H$3:$H$980,MATCH($K49,Base!$B$3:$B$980,0)) -> SACO VIAGEM 12 LIBRAS PCT 1000 UN | C49: =IFERROR(IF(INDEX(Base!$I$3:$I$980,MATCH($K49,Base!$B$3:$B$980,0))="","",INDEX(Base!$I$3:$I$980,MATCH($K49,Base!$B$3:$B$980,0))),"sem fornecedor") -> C. CLARO | D49: =INDEX(Base!$E$3:$E$980,MATCH($K49,Base!$B$3:$B$980,0)) -> 201030000214 | E49: =IFERROR(INDEX(Base!$K$3:$K$980,MATCH($K49,Base!$B$3:$B$980,0)),"sem estoque") -> 124 | F49: =INDEX(Base!$L$3:$L$980,MATCH($K49,Base!$B$3:$B$980,0)) -> 12.623051 | G49: =INDEX(Base!$M$3:$M$980,MATCH($K49,Base!$B$3:$B$980,0)) -> 9.8232988 | H49: =INDEX(Base!$N$3:$N$980,MATCH($K49,Base!$B$3:$B$980,0)) -> 20 | I49: =INDEX(Base!$O$3:$O$980,MATCH($K49,Base!$B$3:$B$980,0)) -> 9.8232988 | K49: 201030000214Jpe
B50: =INDEX(Base!$H$3:$H$980,MATCH($K50,Base!$B$3:$B$980,0)) -> CARTONAGEM BATATA MEDIA NOVA BK CX 1600 UND | C50: =IFERROR(IF(INDEX(Base!$I$3:$I$980,MATCH($K50,Base!$B$3:$B$980,0))="","",INDEX(Base!$I$3:$I$980,MATCH($K50,Base!$B$3:$B$980,0))),"sem fornecedor") -> INNOVAPACK | D50: =INDEX(Base!$E$3:$E$980,MATCH($K50,Base!$B$3:$B$980,0)) -> 201030000413 | E50: =IFERROR(INDEX(Base!$K$3:$K$980,MATCH($K50,Base!$B$3:$B$980,0)),"sem estoque") -> 241 | F50: =INDEX(Base!$L$3:$L$980,MATCH($K50,Base!$B$3:$B$980,0)) -> 7.8118791 | G50: =INDEX(Base!$M$3:$M$980,MATCH($K50,Base!$B$3:$B$980,0)) -> 30.850452 | H50: =INDEX(Base!$N$3:$N$980,MATCH($K50,Base!$B$3:$B$980,0)) -> 16 | I50: =INDEX(Base!$O$3:$O$980,MATCH($K50,Base!$B$3:$B$980,0)) -> 16 | K50: 201030000413Jpe
B51: =INDEX(Base!$H$3:$H$980,MATCH($K51,Base!$B$3:$B$980,0)) -> GUARDANAPO INTERFOLHADO BK CX 5400 UM | C51: =IFERROR(IF(INDEX(Base!$I$3:$I$980,MATCH($K51,Base!$B$3:$B$980,0))="","",INDEX(Base!$I$3:$I$980,MATCH($K51,Base!$B$3:$B$980,0))),"sem fornecedor") -> MELHORA 1 | D51: =INDEX(Base!$E$3:$E$980,MATCH($K51,Base!$B$3:$B$980,0)) -> 201030000356 | E51: =IFERROR(INDEX(Base!$K$3:$K$980,MATCH($K51,Base!$B$3:$B$980,0)),"sem estoque") -> 351 | F51: =INDEX(Base!$L$3:$L$980,MATCH($K51,Base!$B$3:$B$980,0)) -> 11.579243 | G51: =INDEX(Base!$M$3:$M$980,MATCH($K51,Base!$B$3:$B$980,0)) -> 30.312863 | H51: =INDEX(Base!$N$3:$N$980,MATCH($K51,Base!$B$3:$B$980,0)) -> 19 | I51: =INDEX(Base!$O$3:$O$980,MATCH($K51,Base!$B$3:$B$980,0)) -> 19 | K51: 201030000356Jpe
B52: =INDEX(Base!$H$3:$H$980,MATCH($K52,Base!$B$3:$B$980,0)) -> SACO VIAGEM 6 LIBRAS PCT 1000 UN | C52: =IFERROR(IF(INDEX(Base!$I$3:$I$980,MATCH($K52,Base!$B$3:$B$980,0))="","",INDEX(Base!$I$3:$I$980,MATCH($K52,Base!$B$3:$B$980,0))),"sem fornecedor") -> C. CLARO | D52: =INDEX(Base!$E$3:$E$980,MATCH($K52,Base!$B$3:$B$980,0)) -> 201030000213 | E52: =IFERROR(INDEX(Base!$K$3:$K$980,MATCH($K52,Base!$B$3:$B$980,0)),"sem estoque") -> 120 | F52: =INDEX(Base!$L$3:$L$980,MATCH($K52,Base!$B$3:$B$980,0)) -> 9.8973122 | G52: =INDEX(Base!$M$3:$M$980,MATCH($K52,Base!$B$3:$B$980,0)) -> 12.124504 | H52: =INDEX(Base!$N$3:$N$980,MATCH($K52,Base!$B$3:$B$980,0)) -> 19 | I52: =INDEX(Base!$O$3:$O$980,MATCH($K52,Base!$B$3:$B$980,0)) -> 12.124504 | K52: 201030000213Jpe
B53: =INDEX(Base!$H$3:$H$980,MATCH($K53,Base!$B$3:$B$980,0)) -> LAMINA WHOPPER BK 2025 FD3000UN | C53: =IFERROR(IF(INDEX(Base!$I$3:$I$980,MATCH($K53,Base!$B$3:$B$980,0))="","",INDEX(Base!$I$3:$I$980,MATCH($K53,Base!$B$3:$B$980,0))),"sem fornecedor") -> C. CLARO | D53: =INDEX(Base!$E$3:$E$980,MATCH($K53,Base!$B$3:$B$980,0)) -> 221000000612 | E53: =IFERROR(INDEX(Base!$K$3:$K$980,MATCH($K53,Base!$B$3:$B$980,0)),"sem estoque") -> 114 | F53: =INDEX(Base!$L$3:$L$980,MATCH($K53,Base!$B$3:$B$980,0)) -> 4.2498089 | G53: =INDEX(Base!$M$3:$M$980,MATCH($K53,Base!$B$3:$B$980,0)) -> 26.824736 | H53: =INDEX(Base!$N$3:$N$980,MATCH($K53,Base!$B$3:$B$980,0)) -> 17 | I53: =INDEX(Base!$O$3:$O$980,MATCH($K53,Base!$B$3:$B$980,0)) -> 17 | K53: 221000000612Jpe
B54: =INDEX(Base!$H$3:$H$980,MATCH($K54,Base!$B$3:$B$980,0)) -> LAMINA KING JUNIOR 2025 FD3000UN | C54: =IFERROR(IF(INDEX(Base!$I$3:$I$980,MATCH($K54,Base!$B$3:$B$980,0))="","",INDEX(Base!$I$3:$I$980,MATCH($K54,Base!$B$3:$B$980,0))),"sem fornecedor") -> C. CLARO | D54: =INDEX(Base!$E$3:$E$980,MATCH($K54,Base!$B$3:$B$980,0)) -> 221000000617 | E54: =IFERROR(INDEX(Base!$K$3:$K$980,MATCH($K54,Base!$B$3:$B$980,0)),"sem estoque") -> 18 | F54: =INDEX(Base!$L$3:$L$980,MATCH($K54,Base!$B$3:$B$980,0)) -> 7.5126475 | G54: =INDEX(Base!$M$3:$M$980,MATCH($K54,Base!$B$3:$B$980,0)) -> 2.3959596 | H54: =INDEX(Base!$N$3:$N$980,MATCH($K54,Base!$B$3:$B$980,0)) -> 18 | I54: =INDEX(Base!$O$3:$O$980,MATCH($K54,Base!$B$3:$B$980,0)) -> 2.3959596 | K54: 221000000617Jpe
B55: =INDEX(Base!$H$3:$H$980,MATCH($K55,Base!$B$3:$B$980,0)) -> POTE PAPEL 900 ML BK CD CX COM 500 UND | C55: =IFERROR(IF(INDEX(Base!$I$3:$I$980,MATCH($K55,Base!$B$3:$B$980,0))="","",INDEX(Base!$I$3:$I$980,MATCH($K55,Base!$B$3:$B$980,0))),"sem fornecedor") -> BO PACK | D55: =INDEX(Base!$E$3:$E$980,MATCH($K55,Base!$B$3:$B$980,0)) -> 201030000264 | E55: =IFERROR(INDEX(Base!$K$3:$K$980,MATCH($K55,Base!$B$3:$B$980,0)),"sem estoque") -> 1 | F55: =INDEX(Base!$L$3:$L$980,MATCH($K55,Base!$B$3:$B$980,0)) -> 6.1483519 | G55: =INDEX(Base!$M$3:$M$980,MATCH($K55,Base!$B$3:$B$980,0)) -> 0.16264521 | H55: =INDEX(Base!$N$3:$N$980,MATCH($K55,Base!$B$3:$B$980,0)) -> 15 | I55: =INDEX(Base!$O$3:$O$980,MATCH($K55,Base!$B$3:$B$980,0)) -> 0.16264521 | K55: 201030000264Jpe
B56: =INDEX(Base!$H$3:$H$980,MATCH($K56,Base!$B$3:$B$980,0)) -> FUNDO BANDEJA INSTITUCIONAL BURGER KING CX 2000 UND | C56: =IFERROR(IF(INDEX(Base!$I$3:$I$980,MATCH($K56,Base!$B$3:$B$980,0))="","",INDEX(Base!$I$3:$I$980,MATCH($K56,Base!$B$3:$B$980,0))),"sem fornecedor") -> TRENIER | D56: =INDEX(Base!$E$3:$E$980,MATCH($K56,Base!$B$3:$B$980,0)) -> 201030000125 | E56: =IFERROR(INDEX(Base!$K$3:$K$980,MATCH($K56,Base!$B$3:$B$980,0)),"sem estoque") -> -4 | F56: =INDEX(Base!$L$3:$L$980,MATCH($K56,Base!$B$3:$B$980,0)) -> 4.8466269 | G56: =INDEX(Base!$M$3:$M$980,MATCH($K56,Base!$B$3:$B$980,0)) -> -0.82531625 | H56: =INDEX(Base!$N$3:$N$980,MATCH($K56,Base!$B$3:$B$980,0)) -> 22 | I56: =INDEX(Base!$O$3:$O$980,MATCH($K56,Base!$B$3:$B$980,0)) -> -0.82531625 | K56: 201030000125Jpe
B57: =INDEX(Base!$H$3:$H$980,MATCH($K57,Base!$B$3:$B$980,0)) -> COPO MIX INSTITUCIONAL 290ML BK BO PACK CX 320UN | C57: =IFERROR(IF(INDEX(Base!$I$3:$I$980,MATCH($K57,Base!$B$3:$B$980,0))="","",INDEX(Base!$I$3:$I$980,MATCH($K57,Base!$B$3:$B$980,0))),"sem fornecedor") -> BO PACK | D57: =INDEX(Base!$E$3:$E$980,MATCH($K57,Base!$B$3:$B$980,0)) -> 201030000304 | E57: =IFERROR(INDEX(Base!$K$3:$K$980,MATCH($K57,Base!$B$3:$B$980,0)),"sem estoque") -> 104 | F57: =INDEX(Base!$L$3:$L$980,MATCH($K57,Base!$B$3:$B$980,0)) -> 10.852233 | G57: =INDEX(Base!$M$3:$M$980,MATCH($K57,Base!$B$3:$B$980,0)) -> 9.5832808 | H57: =INDEX(Base!$N$3:$N$980,MATCH($K57,Base!$B$3:$B$980,0)) -> 16 | I57: =INDEX(Base!$O$3:$O$980,MATCH($K57,Base!$B$3:$B$980,0)) -> 9.5832808 | K57: 201030000304Jpe
... B94: =INDEX(Base!$H$3:$H$980,MATCH($K94,Base!$B$3:$B$980,0)) -> CART KING JR INSTITUCIONAL CX 200 | C94: =IFERROR(IF(INDEX(Base!$I$3:$I$980,MATCH($K94,Base!$B$3:$B$980,0))="","",INDEX(Base!$I$3:$I$980,MATCH($K94,Base!$B$3:$B$980,0))),"sem fornecedor") -> INNOVAPACK | D94: =INDEX(Base!$E$3:$E$980,MATCH($K94,Base!$B$3:$B$980,0)) -> 221000000884 | E94: =IFERROR(INDEX(Base!$K$3:$K$980,MATCH($K94,Base!$B$3:$B$980,0)),"sem estoque") -> 4 | F94: =INDEX(Base!$L$3:$L$980,MATCH($K94,Base!$B$3:$B$980,0)) -> 2.196371 | G94: =INDEX(Base!$M$3:$M$980,MATCH($K94,Base!$B$3:$B$980,0)) -> 1.821186 | H94: =INDEX(Base!$N$3:$N$980,MATCH($K94,Base!$B$3:$B$980,0)) -> 15 | I94: =INDEX(Base!$O$3:$O$980,MATCH($K94,Base!$B$3:$B$980,0)) -> 1.821186 | K94: 221000000884Jpe
B95: SOBREMESAS | E95: =SUMIFS(Base!$K$3:$K$980,Base!$J$3:$J$980,"Jpe",Base!$G$3:$G$980,$B95,Base!$K$3:$K$980,"<>#N/A") -> 2880 | F95: =SUMIFS(Base!$L$3:$L$980,Base!$J$3:$J$980,"Jpe",Base!$G$3:$G$980,$B95) -> 170.7993 | G95: =IFERROR(E95/F95,0) -> 16.861896 | I95: =IFERROR(SUMIFS(Base!$P$3:$P$980,Base!$J$3:$J$980,"Jpe",Base!$G$3:$G$980,$B95)/F95,0) -> 13.765229 | J95: =1+SUMPRODUCT(($K$6:$K$114="")*($I$6:$I$114<I95)) -> 7
B96: =INDEX(Base!$H$3:$H$980,MATCH($K96,Base!$B$3:$B$980,0)) -> CASQUINHA SORVETE BK - CX COM 300 UND | C96: =IFERROR(IF(INDEX(Base!$I$3:$I$980,MATCH($K96,Base!$B$3:$B$980,0))="","",INDEX(Base!$I$3:$I$980,MATCH($K96,Base!$B$3:$B$980,0))),"sem fornecedor") -> DUPON | D96: =INDEX(Base!$E$3:$E$980,MATCH($K96,Base!$B$3:$B$980,0)) -> 201010000212 | E96: =IFERROR(INDEX(Base!$K$3:$K$980,MATCH($K96,Base!$B$3:$B$980,0)),"sem estoque") -> 1093 | F96: =INDEX(Base!$L$3:$L$980,MATCH($K96,Base!$B$3:$B$980,0)) -> 63.282516 | G96: =INDEX(Base!$M$3:$M$980,MATCH($K96,Base!$B$3:$B$980,0)) -> 17.271753 | H96: =INDEX(Base!$N$3:$N$980,MATCH($K96,Base!$B$3:$B$980,0)) -> 22 | I96: =INDEX(Base!$O$3:$O$980,MATCH($K96,Base!$B$3:$B$980,0)) -> 17.271753 | K96: 201010000212Jpe
B97: =INDEX(Base!$H$3:$H$980,MATCH($K97,Base!$B$3:$B$980,0)) -> DOCE DE LEITE BK BISNAGA 1.5KG ELEGE CX4BG | C97: =IFERROR(IF(INDEX(Base!$I$3:$I$980,MATCH($K97,Base!$B$3:$B$980,0))="","",INDEX(Base!$I$3:$I$980,MATCH($K97,Base!$B$3:$B$980,0))),"sem fornecedor") -> LACTALIS1 | D97: =INDEX(Base!$E$3:$E$980,MATCH($K97,Base!$B$3:$B$980,0)) -> 201010000577 | E97: =IFERROR(INDEX(Base!$K$3:$K$980,MATCH($K97,Base!$B$3:$B$980,0)),"sem estoque") -> 493 | F97: =INDEX(Base!$L$3:$L$980,MATCH($K97,Base!$B$3:$B$980,0)) -> 30.811785 | G97: =INDEX(Base!$M$3:$M$980,MATCH($K97,Base!$B$3:$B$980,0)) -> 16.000371 | H97: =INDEX(Base!$N$3:$N$980,MATCH($K97,Base!$B$3:$B$980,0)) -> 17 | I97: =INDEX(Base!$O$3:$O$980,MATCH($K97,Base!$B$3:$B$980,0)) -> 16.000371 | K97: 201010000577Jpe
B98: =INDEX(Base!$H$3:$H$980,MATCH($K98,Base!$B$3:$B$980,0)) -> BROWNIE PICADO SEM NOZES BK 1KG C/4 | C98: =IFERROR(IF(INDEX(Base!$I$3:$I$980,MATCH($K98,Base!$B$3:$B$980,0))="","",INDEX(Base!$I$3:$I$980,MATCH($K98,Base!$B$3:$B$980,0))),"sem fornecedor") -> ALIBEY | D98: =INDEX(Base!$E$3:$E$980,MATCH($K98,Base!$B$3:$B$980,0)) -> 201010000598 | E98: =IFERROR(INDEX(Base!$K$3:$K$980,MATCH($K98,Base!$B$3:$B$980,0)),"sem estoque") -> 131 | F98: =INDEX(Base!$L$3:$L$980,MATCH($K98,Base!$B$3:$B$980,0)) -> 12.950974 | G98: =INDEX(Base!$M$3:$M$980,MATCH($K98,Base!$B$3:$B$980,0)) -> 10.115069 | H98: =INDEX(Base!$N$3:$N$980,MATCH($K98,Base!$B$3:$B$980,0)) -> 18 | I98: =INDEX(Base!$O$3:$O$980,MATCH($K98,Base!$B$3:$B$980,0)) -> 10.115069 | K98: 201010000598Jpe
B99: =INDEX(Base!$H$3:$H$980,MATCH($K99,Base!$B$3:$B$980,0)) -> NUTELLA BK CX C/2X3KG | C99: =IFERROR(IF(INDEX(Base!$I$3:$I$980,MATCH($K99,Base!$B$3:$B$980,0))="","",INDEX(Base!$I$3:$I$980,MATCH($K99,Base!$B$3:$B$980,0))),"sem fornecedor") -> FERRERO BR | D99: =INDEX(Base!$E$3:$E$980,MATCH($K99,Base!$B$3:$B$980,0)) -> 201010000638 | E99: =IFERROR(INDEX(Base!$K$3:$K$980,MATCH($K99,Base!$B$3:$B$980,0)),"sem estoque") -> 815 | F99: =INDEX(Base!$L$3:$L$980,MATCH($K99,Base!$B$3:$B$980,0)) -> 17.880712 | G99: =INDEX(Base!$M$3:$M$980,MATCH($K99,Base!$B$3:$B$980,0)) -> 45.57984 | H99: =INDEX(Base!$N$3:$N$980,MATCH($K99,Base!$B$3:$B$980,0)) -> 16 | I99: =INDEX(Base!$O$3:$O$980,MATCH($K99,Base!$B$3:$B$980,0)) -> 16 | K99: 201010000638Jpe
B100: =INDEX(Base!$H$3:$H$980,MATCH($K100,Base!$B$3:$B$980,0)) -> CALDA MORANGO 6X1,25 CX C/7,5 KG | C100: =IFERROR(IF(INDEX(Base!$I$3:$I$980,MATCH($K100,Base!$B$3:$B$980,0))="","",INDEX(Base!$I$3:$I$980,MATCH($K100,Base!$B$3:$B$980,0))),"sem fornecedor") -> CELLIER | D100: =INDEX(Base!$E$3:$E$980,MATCH($K100,Base!$B$3:$B$980,0)) -> 201010000572 | E100: =IFERROR(INDEX(Base!$K$3:$K$980,MATCH($K100,Base!$B$3:$B$980,0)),"sem estoque") -> 140 | F100: =INDEX(Base!$L$3:$L$980,MATCH($K100,Base!$B$3:$B$980,0)) -> 13.178226 | G100: =INDEX(Base!$M$3:$M$980,MATCH($K100,Base!$B$3:$B$980,0)) -> 10.623585 | H100: =INDEX(Base!$N$3:$N$980,MATCH($K100,Base!$B$3:$B$980,0)) -> 14 | I100: =INDEX(Base!$O$3:$O$980,MATCH($K100,Base!$B$3:$B$980,0)) -> 10.623585 | K100: 201010000572Jpe
B101: =INDEX(Base!$H$3:$H$980,MATCH($K101,Base!$B$3:$B$980,0)) -> BROWNIE BRIGADEIRO BK CX 24X50 G | C101: =IFERROR(IF(INDEX(Base!$I$3:$I$980,MATCH($K101,Base!$B$3:$B$980,0))="","",INDEX(Base!$I$3:$I$980,MATCH($K101,Base!$B$3:$B$980,0))),"sem fornecedor") -> ALIBEY | D101: =INDEX(Base!$E$3:$E$980,MATCH($K101,Base!$B$3:$B$980,0)) -> 201010000602 | E101: =IFERROR(INDEX(Base!$K$3:$K$980,MATCH($K101,Base!$B$3:$B$980,0)),"sem estoque") -> 17 | F101: =INDEX(Base!$L$3:$L$980,MATCH($K101,Base!$B$3:$B$980,0)) -> 6.5187164 | G101: =INDEX(Base!$M$3:$M$980,MATCH($K101,Base!$B$3:$B$980,0)) -> 2.6078754 | H101: =INDEX(Base!$N$3:$N$980,MATCH($K101,Base!$B$3:$B$980,0)) -> 20 | I101: =INDEX(Base!$O$3:$O$980,MATCH($K101,Base!$B$3:$B$980,0)) -> 2.6078754 | K101: 201010000602Jpe
B102: =INDEX(Base!$H$3:$H$980,MATCH($K102,Base!$B$3:$B$980,0)) -> MISTURA MILK SHAKE BAU BK CX 13,16 | C102: =IFERROR(IF(INDEX(Base!$I$3:$I$980,MATCH($K102,Base!$B$3:$B$980,0))="","",INDEX(Base!$I$3:$I$980,MATCH($K102,Base!$B$3:$B$980,0))),"sem fornecedor") -> DOHLER 01 | D102: =INDEX(Base!$E$3:$E$980,MATCH($K102,Base!$B$3:$B$980,0)) -> 201010000632 | E102: =IFERROR(INDEX(Base!$K$3:$K$980,MATCH($K102,Base!$B$3:$B$980,0)),"sem estoque") -> 28 | F102: =INDEX(Base!$L$3:$L$980,MATCH($K102,Base!$B$3:$B$980,0)) -> 7.7543141 | G102: =INDEX(Base!$M$3:$M$980,MATCH($K102,Base!$B$3:$B$980,0)) -> 3.6108932 | H102: =INDEX(Base!$N$3:$N$980,MATCH($K102,Base!$B$3:$B$980,0)) -> 14 | I102: =INDEX(Base!$O$3:$O$980,MATCH($K102,Base!$B$3:$B$980,0)) -> 3.6108932 | K102: 201010000632Jpe
B103: =INDEX(Base!$H$3:$H$980,MATCH($K103,Base!$B$3:$B$980,0)) -> COBERTURA CHOCO BK CX 9X1,05 KG CLEAN LABEL | C103: =IFERROR(IF(INDEX(Base!$I$3:$I$980,MATCH($K103,Base!$B$3:$B$980,0))="","",INDEX(Base!$I$3:$I$980,MATCH($K103,Base!$B$3:$B$980,0))),"sem fornecedor") -> CARINO | D103: =INDEX(Base!$E$3:$E$980,MATCH($K103,Base!$B$3:$B$980,0)) -> 201010000432 | E103: =IFERROR(INDEX(Base!$K$3:$K$980,MATCH($K103,Base!$B$3:$B$980,0)),"sem estoque") -> 136 | F103: =INDEX(Base!$L$3:$L$980,MATCH($K103,Base!$B$3:$B$980,0)) -> 10.37245 | G103: =INDEX(Base!$M$3:$M$980,MATCH($K103,Base!$B$3:$B$980,0)) -> 13.111657 | H103: =INDEX(Base!$N$3:$N$980,MATCH($K103,Base!$B$3:$B$980,0)) -> 17 | I103: =INDEX(Base!$O$3:$O$980,MATCH($K103,Base!$B$3:$B$980,0)) -> 13.111657 | K103: 201010000432Jpe
B104: =INDEX(Base!$H$3:$H$980,MATCH($K104,Base!$B$3:$B$980,0)) -> OVOMALTINE FLOCOS CX 12X750GR | C104: =IFERROR(IF(INDEX(Base!$I$3:$I$980,MATCH($K104,Base!$B$3:$B$980,0))="","",INDEX(Base!$I$3:$I$980,MATCH($K104,Base!$B$3:$B$980,0))),"sem fornecedor") -> AB BRASIL | D104: =INDEX(Base!$E$3:$E$980,MATCH($K104,Base!$B$3:$B$980,0)) -> 201010000507 | E104: =IFERROR(INDEX(Base!$K$3:$K$980,MATCH($K104,Base!$B$3:$B$980,0)),"sem estoque") -> -3 | F104: =INDEX(Base!$L$3:$L$980,MATCH($K104,Base!$B$3:$B$980,0)) -> 6.1573477 | G104: =INDEX(Base!$M$3:$M$980,MATCH($K104,Base!$B$3:$B$980,0)) -> -0.48722277 | H104: =INDEX(Base!$N$3:$N$980,MATCH($K104,Base!$B$3:$B$980,0)) -> 16 | I104: =INDEX(Base!$O$3:$O$980,MATCH($K104,Base!$B$3:$B$980,0)) -> -0.48722277 | K104: 201010000507Jpe
B105: =INDEX(Base!$H$3:$H$980,MATCH($K105,Base!$B$3:$B$980,0)) -> COOKIE GRANULADO BAUNI CL CX5X1KG | C105: =IFERROR(IF(INDEX(Base!$I$3:$I$980,MATCH($K105,Base!$B$3:$B$980,0))="","",INDEX(Base!$I$3:$I$980,MATCH($K105,Base!$B$3:$B$980,0))),"sem fornecedor") -> CARINO | D105: =INDEX(Base!$E$3:$E$980,MATCH($K105,Base!$B$3:$B$980,0)) -> 201010000506 | E105: =IFERROR(INDEX(Base!$K$3:$K$980,MATCH($K105,Base!$B$3:$B$980,0)),"sem estoque") -> 30 | F105: =INDEX(Base!$L$3:$L$980,MATCH($K105,Base!$B$3:$B$980,0)) -> 1.8922581 | G105: =INDEX(Base!$M$3:$M$980,MATCH($K105,Base!$B$3:$B$980,0)) -> 15.854074 | H105: =INDEX(Base!$N$3:$N$980,MATCH($K105,Base!$B$3:$B$980,0)) -> 19 | I105: =INDEX(Base!$O$3:$O$980,MATCH($K105,Base!$B$3:$B$980,0)) -> 15.854074 | K105: 201010000506Jpe
B106: CONDIMENTOS | E106: =SUMIFS(Base!$K$3:$K$980,Base!$J$3:$J$980,"Jpe",Base!$G$3:$G$980,$B106,Base!$K$3:$K$980,"<>#N/A") -> 690 | F106: =SUMIFS(Base!$L$3:$L$980,Base!$J$3:$J$980,"Jpe",Base!$G$3:$G$980,$B106) -> 36.820907 | G106: =IFERROR(E106/F106,0) -> 18.739354 | I106: =IFERROR(SUMIFS(Base!$P$3:$P$980,Base!$J$3:$J$980,"Jpe",Base!$G$3:$G$980,$B106)/F106,0) -> 13.033671 | J106: =1+SUMPRODUCT(($K$6:$K$114="")*($I$6:$I$114<I106)) -> 5
B107: =INDEX(Base!$H$3:$H$980,MATCH($K107,Base!$B$3:$B$980,0)) -> OLEO ESPECIAL SUPREMA BK CX 18KG | C107: =IFERROR(IF(INDEX(Base!$I$3:$I$980,MATCH($K107,Base!$B$3:$B$980,0))="","",INDEX(Base!$I$3:$I$980,MATCH($K107,Base!$B$3:$B$980,0))),"sem fornecedor") -> BUNGE | D107: =INDEX(Base!$E$3:$E$980,MATCH($K107,Base!$B$3:$B$980,0)) -> 201010000387 | E107: =IFERROR(INDEX(Base!$K$3:$K$980,MATCH($K107,Base!$B$3:$B$980,0)),"sem estoque") -> 381 | F107: =INDEX(Base!$L$3:$L$980,MATCH($K107,Base!$B$3:$B$980,0)) -> 30.332446 | G107: =INDEX(Base!$M$3:$M$980,MATCH($K107,Base!$B$3:$B$980,0)) -> 12.560807 | H107: =INDEX(Base!$N$3:$N$980,MATCH($K107,Base!$B$3:$B$980,0)) -> 14 | I107: =INDEX(Base!$O$3:$O$980,MATCH($K107,Base!$B$3:$B$980,0)) -> 12.560807 | K107: 201010000387Jpe
B108: =INDEX(Base!$H$3:$H$980,MATCH($K108,Base!$B$3:$B$980,0)) -> CEBOLA FRITA CRISPY BENASSI 10X500 GR | C108: =IFERROR(IF(INDEX(Base!$I$3:$I$980,MATCH($K108,Base!$B$3:$B$980,0))="","",INDEX(Base!$I$3:$I$980,MATCH($K108,Base!$B$3:$B$980,0))),"sem fornecedor") -> BENASSI AN | D108: =INDEX(Base!$E$3:$E$980,MATCH($K108,Base!$B$3:$B$980,0)) -> 201010000625 | E108: =IFERROR(INDEX(Base!$K$3:$K$980,MATCH($K108,Base!$B$3:$B$980,0)),"sem estoque") -> 32 | F108: =INDEX(Base!$L$3:$L$980,MATCH($K108,Base!$B$3:$B$980,0)) -> 2.9617967 | G108: =INDEX(Base!$M$3:$M$980,MATCH($K108,Base!$B$3:$B$980,0)) -> 10.804253 | H108: =INDEX(Base!$N$3:$N$980,MATCH($K108,Base!$B$3:$B$980,0)) -> 23 | I108: =INDEX(Base!$O$3:$O$980,MATCH($K108,Base!$B$3:$B$980,0)) -> 10.804253 | K108: 201010000625Jpe
B109: =INDEX(Base!$H$3:$H$980,MATCH($K109,Base!$B$3:$B$980,0)) -> TEMPERO SAL E PIMENTA BK BLEND 1,01KG | C109: =IFERROR(IF(INDEX(Base!$I$3:$I$980,MATCH($K109,Base!$B$3:$B$980,0))="","",INDEX(Base!$I$3:$I$980,MATCH($K109,Base!$B$3:$B$980,0))),"sem fornecedor") -> KERRY4 | D109: =INDEX(Base!$E$3:$E$980,MATCH($K109,Base!$B$3:$B$980,0)) -> 221000000855 | E109: =IFERROR(INDEX(Base!$K$3:$K$980,MATCH($K109,Base!$B$3:$B$980,0)),"sem estoque") -> 0 | F109: =INDEX(Base!$L$3:$L$980,MATCH($K109,Base!$B$3:$B$980,0)) -> 0.51594648 | G109: =INDEX(Base!$M$3:$M$980,MATCH($K109,Base!$B$3:$B$980,0)) -> 0 | H109: =INDEX(Base!$N$3:$N$980,MATCH($K109,Base!$B$3:$B$980,0)) -> 15 | I109: =INDEX(Base!$O$3:$O$980,MATCH($K109,Base!$B$3:$B$980,0)) -> 0 | K109: 221000000855Jpe
B110: =INDEX(Base!$H$3:$H$980,MATCH($K110,Base!$B$3:$B$980,0)) -> SAL BK 0,5KG X 20FD | C110: =IFERROR(IF(INDEX(Base!$I$3:$I$980,MATCH($K110,Base!$B$3:$B$980,0))="","",INDEX(Base!$I$3:$I$980,MATCH($K110,Base!$B$3:$B$980,0))),"sem fornecedor") -> KERRY | D110: =INDEX(Base!$E$3:$E$980,MATCH($K110,Base!$B$3:$B$980,0)) -> 201010000336 | E110: =IFERROR(INDEX(Base!$K$3:$K$980,MATCH($K110,Base!$B$3:$B$980,0)),"sem estoque") -> 246 | F110: =INDEX(Base!$L$3:$L$980,MATCH($K110,Base!$B$3:$B$980,0)) -> 2.3349113 | G110: =INDEX(Base!$M$3:$M$980,MATCH($K110,Base!$B$3:$B$980,0)) -> 105.35732 | H110: =INDEX(Base!$N$3:$N$980,MATCH($K110,Base!$B$3:$B$980,0)) -> 22 | I110: =INDEX(Base!$O$3:$O$980,MATCH($K110,Base!$B$3:$B$980,0)) -> 22 | K110: 201010000336Jpe
B111: =INDEX(Base!$H$3:$H$980,MATCH($K111,Base!$B$3:$B$980,0)) -> SAL REFINADO SACHE JR CX2500UN 0,8G | C111: =IFERROR(IF(INDEX(Base!$I$3:$I$980,MATCH($K111,Base!$B$3:$B$980,0))="","",INDEX(Base!$I$3:$I$980,MATCH($K111,Base!$B$3:$B$980,0))),"sem fornecedor") -> KERRY | D111: =INDEX(Base!$E$3:$E$980,MATCH($K111,Base!$B$3:$B$980,0)) -> 201010000591 | E111: =IFERROR(INDEX(Base!$K$3:$K$980,MATCH($K111,Base!$B$3:$B$980,0)),"sem estoque") -> 31 | F111: =INDEX(Base!$L$3:$L$980,MATCH($K111,Base!$B$3:$B$980,0)) -> 0.67580645 | G111: =INDEX(Base!$M$3:$M$980,MATCH($K111,Base!$B$3:$B$980,0)) -> 45.871122 | H111: =INDEX(Base!$N$3:$N$980,MATCH($K111,Base!$B$3:$B$980,0)) -> 23 | I111: =INDEX(Base!$O$3:$O$980,MATCH($K111,Base!$B$3:$B$980,0)) -> 23 | K111: 201010000591Jpe
B112: HORTIFRUTI | E112: =SUMIFS(Base!$K$3:$K$980,Base!$J$3:$J$980,"Jpe",Base!$G$3:$G$980,$B112,Base!$K$3:$K$980,"<>#N/A") -> 929 | F112: =SUMIFS(Base!$L$3:$L$980,Base!$J$3:$J$980,"Jpe",Base!$G$3:$G$980,$B112) -> 19.06863 | G112: =IFERROR(E112/F112,0) -> 48.718759 | I112: =IFERROR(SUMIFS(Base!$P$3:$P$980,Base!$J$3:$J$980,"Jpe",Base!$G$3:$G$980,$B112)/F112,0) -> 16.630169 | J112: =1+SUMPRODUCT(($K$6:$K$114="")*($I$6:$I$114<I112)) -> 8
B113: =INDEX(Base!$H$3:$H$980,MATCH($K113,Base!$B$3:$B$980,0)) -> PEPINO FATIADO DRENAD BK CX6X2,300KG | C113: =IFERROR(IF(INDEX(Base!$I$3:$I$980,MATCH($K113,Base!$B$3:$B$980,0))="","",INDEX(Base!$I$3:$I$980,MATCH($K113,Base!$B$3:$B$980,0))),"sem fornecedor") -> REFRICON | D113: =INDEX(Base!$E$3:$E$980,MATCH($K113,Base!$B$3:$B$980,0)) -> 201010000653 | E113: =IFERROR(INDEX(Base!$K$3:$K$980,MATCH($K113,Base!$B$3:$B$980,0)),"sem estoque") -> 840 | F113: =INDEX(Base!$L$3:$L$980,MATCH($K113,Base!$B$3:$B$980,0)) -> 17.588388 | G113: =INDEX(Base!$M$3:$M$980,MATCH($K113,Base!$B$3:$B$980,0)) -> 47.758784 | H113: =INDEX(Base!$N$3:$N$980,MATCH($K113,Base!$B$3:$B$980,0)) -> 15 | I113: =INDEX(Base!$O$3:$O$980,MATCH($K113,Base!$B$3:$B$980,0)) -> 15 | K113: 201010000653Jpe
B114: =INDEX(Base!$H$3:$H$980,MATCH($K114,Base!$B$3:$B$980,0)) -> PIMENTA JALAPENO FAT CLEAN CX6X1,5KG | C114: =IFERROR(IF(INDEX(Base!$I$3:$I$980,MATCH($K114,Base!$B$3:$B$980,0))="","",INDEX(Base!$I$3:$I$980,MATCH($K114,Base!$B$3:$B$980,0))),"sem fornecedor") -> REFRICON | D114: =INDEX(Base!$E$3:$E$980,MATCH($K114,Base!$B$3:$B$980,0)) -> 201010000335 | E114: =IFERROR(INDEX(Base!$K$3:$K$980,MATCH($K114,Base!$B$3:$B$980,0)),"sem estoque") -> 89 | F114: =INDEX(Base!$L$3:$L$980,MATCH($K114,Base!$B$3:$B$980,0)) -> 1.4802426 | G114: =INDEX(Base!$M$3:$M$980,MATCH($K114,Base!$B$3:$B$980,0)) -> 60.125279 | H114: =INDEX(Base!$N$3:$N$980,MATCH($K114,Base!$B$3:$B$980,0)) -> 36 | I114: =INDEX(Base!$O$3:$O$980,MATCH($K114,Base!$B$3:$B$980,0)) -> 36 | K114: 201010000335Jpe
B115: Total Geral | E115: =SUMIFS(Base!$K$3:$K$980,Base!$J$3:$J$980,"Jpe",Base!$K$3:$K$980,"<>#N/A") -> 28823 | F115: =SUMIFS(Base!$L$3:$L$980,Base!$J$3:$J$980,"Jpe") -> 1749.4654 | G115: =IFERROR(E115/F115,0) -> 16.475319 | I115: =IFERROR(SUMIFS(Base!$P$3:$P$980,Base!$J$3:$J$980,"Jpe")/F115,0) -> 11.115537

Sheet Base
B2: Chave | C2: Marca | D2: NBO | E2: SAP | F2: SAP Consolidado | G2: Categorias | H2: Item | I2: Fornecedor | J2: Praça | K2: Estoque | L2: Demanda Nov | M2: DOH (Dem Nov) | N2: PE | O2: DOH Considerado (limitado à PE) | P2: Estoque considerado (cx) | Q2: aux fornecedor | R2: aux categoria
B3: =E3&J3 -> 221000000780Ara | C3: BKB | D3: NÃO NBO | E3: 221000000780 | F3: 221000000780 | G3: BEBIDAS | H3: SUCO UVA/ MACA NATURAL ONE 180 ML FD C/6UN | I3: NATURALONE | J3: Ara | K3: 13735 | L3: 209.40989 | M3: =IFERROR(K3/L3,0) -> 65.58907 | N3: 20.83083 | O3: =IF(M3>N3,N3,M3) -> 20.83083 | P3: =O3*L3 -> 4362.182 | Q3: =IF(ISERROR(I3),"",IF(I3="","",IF(COUNTIF($I$3:I3,I3)>1,"",IFERROR(SUMIFS(Base!$P$3:$P$980,Base!$I$3:$I$980,I3)/SUMIFS(Base!$L$3:$L$980,Base!$I$3:$I$980,I3),0)+ROW()/1000000))) -> 18.633243 | R3: =IF(ISERROR(G3),"",IF(G3="","",IF(COUNTIF($G$3:G3,G3)>1,"",IFERROR(SUMIFS(Base!$P$3:$P$980,Base!$G$3:$G$980,G3)/SUMIFS(Base!$L$3:$L$980,Base!$G$3:$G$980,G3),0)+ROW()/1000000))) -> 18.783918
B4: =E4&J4 -> 221000000780Jpe | C4: BKB | D4: NÃO NBO | E4: 221000000780 | F4: 221000000780 | G4: BEBIDAS | H4: SUCO UVA/ MACA NATURAL ONE 180 ML FD C/6UN | I4: NATURALONE | J4: Jpe | K4: 2429 | L4: 94.522796 | M4: =IFERROR(K4/L4,0) -> 25.697505 | N4: 18 | O4: =IF(M4>N4,N4,M4) -> 18 | P4: =O4*L4 -> 1701.4103 | Q4: =IF(ISERROR(I4),"",IF(I4="","",IF(COUNTIF($I$3:I4,I4)>1,"",IFERROR(SUMIFS(Base!$P$3:$P$980,Base!$I$3:$I$980,I4)/SUMIFS(Base!$L$3:$L$980,Base!$I$3:$I$980,I4),0)+ROW()/1000000))) | R4: =IF(ISERROR(G4),"",IF(G4="","",IF(COUNTIF($G$3:G4,G4)>1,"",IFERROR(SUMIFS(Base!$P$3:$P$980,Base!$G$3:$G$980,G4)/SUMIFS(Base!$L$3:$L$980,Base!$G$3:$G$980,G4),0)+ROW()/1000000)))
B5: =E5&J5 -> 201010000575Ara | C5: BKB | D5: NBO | E5: 201010000575 | F5: 201010000575 | G5: PÃES | H5: PAO BK 5 CL CXG CONG 10500G UNB | I5: BIMBO | J5: Ara | K5: 3646 | L5: 293.73136 | M5: =IFERROR(K5/L5,0) -> 12.412703 | N5: 7.03 | O5: =IF(M5>N5,N5,M5) -> 7.03 | P5: =O5*L5 -> 2064.9315 | Q5: =IF(ISERROR(I5),"",IF(I5="","",IF(COUNTIF($I$3:I5,I5)>1,"",IFERROR(SUMIFS(Base!$P$3:$P$980,Base!$I$3:$I$980,I5)/SUMIFS(Base!$L$3:$L$980,Base!$I$3:$I$980,I5),0)+ROW()/1000000))) -> 6.7995817 | R5: =IF(ISERROR(G5),"",IF(G5="","",IF(COUNTIF($G$3:G5,G5)>1,"",IFERROR(SUMIFS(Base!$P$3:$P$980,Base!$G$3:$G$980,G5)/SUMIFS(Base!$L$3:$L$980,Base!$G$3:$G$980,G5),0)+ROW()/1000000))) -> 6.7995817
B6: =E6&J6 -> 201010000575Jpe | C6: BKB | D6: NBO | E6: 201010000575 | F6: 201010000575 | G6: PÃES | H6: PAO BK 5 CL CXG CONG 10500G UNB | I6: BIMBO | J6: Jpe | K6: 669 | L6: 113.33855 | M6: =IFERROR(K6/L6,0) -> 5.9026694 | N6: 7.03 | O6: =IF(M6>N6,N6,M6) -> 5.9026694 | P6: =O6*L6 -> 669 | Q6: =IF(ISERROR(I6),"",IF(I6="","",IF(COUNTIF($I$3:I6,I6)>1,"",IFERROR(SUMIFS(Base!$P$3:$P$980,Base!$I$3:$I$980,I6)/SUMIFS(Base!$L$3:$L$980,Base!$I$3:$I$980,I6),0)+ROW()/1000000))) | R6: =IF(ISERROR(G6),"",IF(G6="","",IF(COUNTIF($G$3:G6,G6)>1,"",IFERROR(SUMIFS(Base!$P$3:$P$980,Base!$G$3:$G$980,G6)/SUMIFS(Base!$L$3:$L$980,Base!$G$3:$G$980,G6),0)+ROW()/1000000)))
B7: =E7&J7 -> 201010000262Ara | C7: BKB | D7: NBO | E7: 201010000262 | F7: 201010000262 | G7: PÃES | H7: PAO BK 4 CONG CXG 14900G UNB | I7: BIMBO | J7: Ara | K7: 3448 | L7: 272.30958 | M7: =IFERROR(K7/L7,0) -> 12.662059 | N7: 7.86 | O7: =IF(M7>N7,N7,M7) -> 7.86 | P7: =O7*L7 -> 2140.3533 | Q7: =IF(ISERROR(I7),"",IF(I7="","",IF(COUNTIF($I$3:I7,I7)>1,"",IFERROR(SUMIFS(Base!$P$3:$P$980,Base!$I$3:$I$980,I7)/SUMIFS(Base!$L$3:$L$980,Base!$I$3:$I$980,I7),0)+ROW()/1000000))) | R7: =IF(ISERROR(G7),"",IF(G7="","",IF(COUNTIF($G$3:G7,G7)>1,"",IFERROR(SUMIFS(Base!$P$3:$P$980,Base!$G$3:$G$980,G7)/SUMIFS(Base!$L$3:$L$980,Base!$G$3:$G$980,G7),0)+ROW()/1000000)))
B8: =E8&J8 -> 201010000262Jpe | C8: BKB | D8: NBO | E8: 201010000262 | F8: 201010000262 | G8: PÃES | H8: PAO BK 4 CONG CXG 14900G UNB | I8: BIMBO | J8: Jpe | K8: 757 | L8: 192.4504 | M8: =IFERROR(K8/L8,0) -> 3.933481 | N8: 7.86 | O8: =IF(M8>N8,N8,M8) -> 3.933481 | P8: =O8*L8 -> 757 | Q8: =IF(ISERROR(I8),"",IF(I8="","",IF(COUNTIF($I$3:I8,I8)>1,"",IFERROR(SUMIFS(Base!$P$3:$P$980,Base!$I$3:$I$980,I8)/SUMIFS(Base!$L$3:$L$980,Base!$I$3:$I$980,I8),0)+ROW()/1000000))) | R8: =IF(ISERROR(G8),"",IF(G8="","",IF(COUNTIF($G$3:G8,G8)>1,"",IFERROR(SUMIFS(Base!$P$3:$P$980,Base!$G$3:$G$980,G8)/SUMIFS(Base!$L$3:$L$980,Base!$G$3:$G$980,G8),0)+ROW()/1000000)))
B9: =E9&J9 -> 201010000218Ara | C9: BKB | D9: NBO | E9: 201010000218 | F9: 201010000218 | G9: PROTEINAS | H9: CHICKEN JR CLEAN BK CX 9,88KG | I9: SEARA | J9: Ara | K9: 3948 | L9: 161.22673 | M9: =IFERROR(K9/L9,0) -> 24.487255 | N9: 14.268349 | O9: =IF(M9>N9,N9,M9) -> 14.268349 | P9: =O9*L9 -> 2300.4392 | Q9: =IF(ISERROR(I9),"",IF(I9="","",IF(COUNTIF($I$3:I9,I9)>1,"",IFERROR(SUMIFS(Base!$P$3:$P$980,Base!$I$3:$I$980,I9)/SUMIFS(Base!$L$3:$L$980,Base!$I$3:$I$980,I9),0)+ROW()/1000000))) -> 14.684618 | R9: =IF(ISERROR(G9),"",IF(G9="","",IF(COUNTIF($G$3:G9,G9)>1,"",IFERROR(SUMIFS(Base!$P$3:$P$980,Base!$G$3:$G$980,G9)/SUMIFS(Base!$L$3:$L$980,Base!$G$3:$G$980,G9),0)+ROW()/1000000))) -> 9.8520264
B10: =E10&J10 -> 201010000218Jpe | C10: BKB | D10: NBO | E10: 201010000218 | F10: 201010000218 | G10: PROTEINAS | H10: CHICKEN JR CLEAN BK CX 9,88KG | I10: SEARA | J10: Jpe | K10: 1202 | L10: 64.274052 | M10: =IFERROR(K10/L10,0) -> 18.701171 | N10: 15 | O10: =IF(M10>N10,N10,M10) -> 15 | P10: =O10*L10 -> 964.11077 | Q10: =IF(ISERROR(I10),"",IF(I10="","",IF(COUNTIF($I$3:I10,I10)>1,"",IFERROR(SUMIFS(Base!$P$3:$P$980,Base!$I$3:$I$980,I10)/SUMIFS(Base!$L$3:$L$980,Base!$I$3:$I$980,I10),0)+ROW()/1000000))) | R10: =IF(ISERROR(G10),"",IF(G10="","",IF(COUNTIF($G$3:G10,G10)>1,"",IFERROR(SUMIFS(Base!$P$3:$P$980,Base!$G$3:$G$980,G10)/SUMIFS(Base!$L$3:$L$980,Base!$G$3:$G$980,G10),0)+ROW()/1000000)))
B11: =E11&J11 -> 201010000209Ara | C11: BKB | D11: NBO | E11: 201010000209 | F11: 201010000209 | G11: PROTEINAS | H11: CARNE CONG MOIDA WHOPPER BK CX 17,2KG | I11: JBS | J11: Ara | K11: 5121 | L11: 315.94685 | M11: =IFERROR(K11/L11,0) -> 16.208422 | N11: 7 | O11: =IF(M11>N11,N11,M11) -> 7 | P11: =O11*L11 -> 2211.628 | Q11: =IF(ISERROR(I11),"",IF(I11="","",IF(COUNTIF($I$3:I11,I11)>1,"",IFERROR(SUMIFS(Base!$P$3:$P$980,Base!$I$3:$I$980,I11)/SUMIFS(Base!$L$3:$L$980,Base!$I$3:$I$980,I11),0)+ROW()/1000000))) -> 7.000011 | R11: =IF(ISERROR(G11),"",IF(G11="","",IF(COUNTIF($G$3:G11,G11)>1,"",IFERROR(SUMIFS(Base!$P$3:$P$980,Base!$G$3:$G$980,G11)/SUMIFS(Base!$L$3:$L$980,Base!$G$3:$G$980,G11),0)+ROW()/1000000)))
B12: =E12&J12 -> 201010000209Jpe | C12: BKB | D12: NBO | E12: 201010000209 | F12: 201010000209 | G12: PROTEINAS | H12: CARNE CONG MOIDA WHOPPER BK CX 17,2KG | I12: JBS | J12: Jpe | K12: 1769 | L12: 122.47791 | M12: =IFERROR(K12/L12,0) -> 14.44342 | N12: 7 | O12: =IF(M12>N12,N12,M12) -> 7 | P12: =O12*L12 -> 857.3454 | Q12: =IF(ISERROR(I12),"",IF(I12="","",IF(COUNTIF($I$3:I12,I12)>1,"",IFERROR(SUMIFS(Base!$P$3:$P$980,Base!$I$3:$I$980,I12)/SUMIFS(Base!$L$3:$L$980,Base!$I$3:$I$980,I12),0)+ROW()/1000000))) | R12: =IF(ISERROR(G12),"",IF(G12="","",IF(COUNTIF($G$3:G12,G12)>1,"",IFERROR(SUMIFS(Base!$P$3:$P$980,Base!$G$3:$G$980,G12)/SUMIFS(Base!$L$3:$L$980,Base!$G$3:$G$980,G12),0)+ROW()/1000000)))
B13: =E13&J13 -> 201010000645Ara | C13: BKB | D13: NBO | E13: 201010000645 | F13: 201010000645 | G13: PROTEINAS | H13: CARNE HB CONG BKC CX COM 18,7 KG | I13: JBS | J13: Ara | K13: 5060 | L13: 264.3624 | M13: =IFERROR(K13/L13,0) -> 19.140392 | N13: 7 | O13: =IF(M13>N13,N13,M13) -> 7 | P13: =O13*L13 -> 1850.5368 | Q13: =IF(ISERROR(I13),"",IF(I13="","",IF(COUNTIF($I$3:I13,I13)>1,"",IFERROR(SUMIFS(Base!$P$3:$P$980,Base!$I$3:$I$980,I13)/SUMIFS(Base!$L$3:$L$980,Base!$I$3:$I$980,I13),0)+ROW()/1000000))) | R13: =IF(ISERROR(G13),"",IF(G13="","",IF(COUNTIF($G$3:G13,G13)>1,"",IFERROR(SUMIFS(Base!$P$3:$P$980,Base!$G$3:$G$980,G13)/SUMIFS(Base!$L$3:$L$980,Base!$G$3:$G$980,G13),0)+ROW()/1000000)))
B14: =E14&J14 -> 201010000645Jpe | C14: BKB | D14: NBO | E14: 201010000645 | F14: 201010000645 | G14: PROTEINAS | H14: CARNE HB CONG BKC CX COM 18,7 KG | I14: JBS | J14: Jpe | K14: 2623 | L14: 192.93754 | M14: =IFERROR(K14/L14,0) -> 13.595073 | N14: 7 | O14: =IF(M14>N14,N14,M14) -> 7 | P14: =O14*L14 -> 1350.5628 | Q14: =IF(ISERROR(I14),"",IF(I14="","",IF(COUNTIF($I$3:I14,I14)>1,"",IFERROR(SUMIFS(Base!$P$3:$P$980,Base!$I$3:$I$980,I14)/SUMIFS(Base!$L$3:$L$980,Base!$I$3:$I$980,I14),0)+ROW()/1000000))) | R14: =IF(ISERROR(G14),"",IF(G14="","",IF(COUNTIF($G$3:G14,G14)>1,"",IFERROR(SUMIFS(Base!$P$3:$P$980,Base!$G$3:$G$980,G14)/SUMIFS(Base!$L$3:$L$980,Base!$G$3:$G$980,G14),0)+ROW()/1000000)))
... B202: =E202&J202 -> 241000000044Ara | C202: BKB | D202: NBO | E202: 241000000044 | F202: 241000000044 | G202: LÁCTEOS | H202: BEBIDA LACTEA UHT BAUNILHA BK 10 L X 2 UN | I202: POLENGHI2 | J202: Ara | K202: 1329 | L202: 187.14126 | M202: =IFERROR(K202/L202,0) -> 7.1015874 | N202: 16.5 | O202: =IF(M202>N202,N202,M202) -> 7.1015874 | P202: =O202*L202 -> 1329 | Q202: =IF(ISERROR(I202),"",IF(I202="","",IF(COUNTIF($I$3:I202,I202)>1,"",IFERROR(SUMIFS(Base!$P$3:$P$980,Base!$I$3:$I$980,I202)/SUMIFS(Base!$L$3:$L$980,Base!$I$3:$I$980,I202),0)+ROW()/1000000))) | R202: =IF(ISERROR(G202),"",IF(G202="","",IF(COUNTIF($G$3:G202,G202)>1,"",IFERROR(SUMIFS(Base!$P$3:$P$980,Base!$G$3:$G$980,G202)/SUMIFS(Base!$L$3:$L$980,Base!$G$3:$G$980,G202),0)+ROW()/1000000)))
